STATION,DATE,LATITUDE,LONGITUDE,ELEVATION,NAME,TEMP,TEMP_ATTRIBUTES,DEWP,DEWP_ATTRIBUTES,SLP,SLP_ATTRIBUTES,STP,STP_ATTRIBUTES,VISIB,VISIB_ATTRIBUTES,WDSP,WDSP_ATTRIBUTES,MXSPD,GUST,MAX,MAX_ATTRIBUTES,MIN,MIN_ATTRIBUTES,PRCP,PRCP_ATTRIBUTES,SNDP,FRSHTT,MONTH,DAYOFWEEK,SEASON,TEMP_RANGE,TEMP_AVG,TEMP_DEWP_DIFF,WDSP_TEMP,day,avg,isUnhealthy
72530094846,2024-03-06,41.96017,-87.93164,204.8,"CHICAGO OHARE INTERNATIONAL AIRPORT, IL US",41.8,24,34.9,24,1018.2,21,993.4,24,8.6,0,11.8,24,15.9,19.0,46.9, ,39.0, ,0.01,G,999.9,10000,3,2,Spring,7.899999999999999,42.95,8.050000000000004,506.81000000000006,2024-03-06,3.453333333333333,0
72530094846,2024-03-07,41.96017,-87.93164,204.8,"CHICAGO OHARE INTERNATIONAL AIRPORT, IL US",41.9,24,32.5,24,1018.8,23,993.9,24,10.0,0,7.4,24,14.0,999.9,51.1, ,36.0, ,0.0,G,999.9,0,3,3,Spring,15.100000000000001,43.55,11.049999999999997,322.27,2024-03-07,11.8325,0
72530094846,2024-03-08,41.96017,-87.93164,204.8,"CHICAGO OHARE INTERNATIONAL AIRPORT, IL US",44.3,24,39.6,24,1014.3,19,989.1,24,7.2,0,8.2,24,15.0,999.9,51.1, ,37.0, ,0.0,G,999.9,10000,3,4,Spring,14.100000000000001,44.05,4.449999999999996,361.2099999999999,2024-03-08,18.3,0
72530094846,2024-03-09,41.96017,-87.93164,204.8,"CHICAGO OHARE INTERNATIONAL AIRPORT, IL US",40.9,24,33.5,24,1010.3,22,985.6,24,9.6,0,11.5,24,15.9,24.1,46.0, ,37.9, ,0.91,G,999.9,10000,3,5,Spring,8.100000000000001,41.95,8.450000000000003,482.425,2024-03-09,4.1925,0
72530094846,2024-03-10,41.96017,-87.93164,204.8,"CHICAGO OHARE INTERNATIONAL AIRPORT, IL US",37.3,24,18.2,24,1016.8,24,992.1,24,10.0,0,11.9,24,15.9,28.0,46.9, ,30.0, ,0.0,G,999.9,0,3,6,Spring,16.9,38.45,20.250000000000004,457.55500000000006,2024-03-10,3.6966666666666668,0
72530094846,2024-03-11,41.96017,-87.93164,204.8,"CHICAGO OHARE INTERNATIONAL AIRPORT, IL US",45.3,24,24.6,24,1018.8,24,993.5,24,10.0,0,10.1,24,22.0,35.0,66.9, ,30.2, ,0.0,G,999.9,0,3,0,Spring,36.7,48.550000000000004,23.950000000000003,490.355,2024-03-11,7.386666666666668,0
72530094846,2024-03-13,41.96017,-87.93164,204.8,"CHICAGO OHARE INTERNATIONAL AIRPORT, IL US",59.1,24,40.9,24,1009.1,24,985.1,24,10.0,0,6.6,24,13.0,19.0,71.1, ,46.9, ,0.0,G,999.9,0,3,2,Spring,24.199999999999996,59.0,18.1,389.4,2024-03-13,22.400000000000002,0
72530094846,2024-03-14,41.96017,-87.93164,204.8,"CHICAGO OHARE INTERNATIONAL AIRPORT, IL US",51.8,24,43.1,24,1010.3,16,985.5,24,8.5,0,9.2,24,19.0,27.0,69.1, ,44.1, ,0.22,G,999.9,10010,3,3,Spring,24.999999999999993,56.599999999999994,13.499999999999993,520.7199999999999,2024-03-14,14.673333333333332,0
72530094846,2024-03-15,41.96017,-87.93164,204.8,"CHICAGO OHARE INTERNATIONAL AIRPORT, IL US",43.1,24,36.2,24,1018.3,22,993.4,24,10.0,0,11.0,24,19.0,22.9,64.0, ,37.0, ,0.21,G,999.9,0,3,4,Spring,27.0,50.5,14.299999999999997,555.5,2024-03-15,9.586666666666666,0
72530094846,2024-03-16,41.96017,-87.93164,204.8,"CHICAGO OHARE INTERNATIONAL AIRPORT, IL US",46.4,24,34.7,24,1010.2,24,985.3,24,10.0,0,11.9,24,22.9,36.9,57.9, ,37.0, ,0.0,G,999.9,0,3,5,Spring,20.9,47.45,12.75,564.6550000000001,2024-03-16,10.256666666666666,0
72530094846,2024-03-17,41.96017,-87.93164,204.8,"CHICAGO OHARE INTERNATIONAL AIRPORT, IL US",38.8,24,21.0,24,1009.5,24,985.0,24,10.0,0,11.9,24,19.0,31.1,57.9, ,33.1, ,0.0,G,999.9,1000,3,6,Spring,24.799999999999997,45.5,24.5,541.45,2024-03-17,1.6146666666666665,0
72530094846,2024-03-18,41.96017,-87.93164,204.8,"CHICAGO OHARE INTERNATIONAL AIRPORT, IL US",30.1,24,14.7,24,1018.0,22,993.2,24,10.0,0,10.3,24,13.0,21.0,42.1, ,24.1, ,0.0,G,999.9,1000,3,0,Spring,18.0,33.1,18.400000000000002,340.93000000000006,2024-03-18,2.4966666666666666,0
72530094846,2024-03-19,41.96017,-87.93164,204.8,"CHICAGO OHARE INTERNATIONAL AIRPORT, IL US",38.2,24,18.8,24,1010.4,24,985.0,24,10.0,0,12.8,24,19.0,33.0,57.9, ,24.1, ,0.0,G,999.9,0,3,1,Spring,33.8,41.0,22.2,524.8000000000001,2024-03-19,5.34,0
72530094846,2024-03-20,41.96017,-87.93164,204.8,"CHICAGO OHARE INTERNATIONAL AIRPORT, IL US",40.9,24,16.6,24,1011.5,24,987.5,24,10.0,0,10.7,24,15.9,26.0,57.9, ,29.1, ,0.0,G,999.9,0,3,2,Spring,28.799999999999997,43.5,26.9,465.45,2024-03-20,2.606666666666667,0
72530094846,2024-03-21,41.96017,-87.93164,204.8,"CHICAGO OHARE INTERNATIONAL AIRPORT, IL US",32.7,24,17.9,24,1024.6,24,999.4,24,10.0,0,3.6,24,11.1,999.9,44.1, ,27.0, ,0.0,G,999.9,0,3,3,Spring,17.1,35.55,17.65,127.97999999999999,2024-03-21,8.729999999999999,0
72530094846,2024-03-22,41.96017,-87.93164,204.8,"CHICAGO OHARE INTERNATIONAL AIRPORT, IL US",34.8,24,25.1,24,1021.4,15,995.5,24,7.9,0,8.7,24,13.0,20.0,41.0, ,27.1, ,0.01,G,999.9,101000,3,4,Spring,13.899999999999999,34.05,8.949999999999996,296.23499999999996,2024-03-22,13.020000000000001,0
72530094846,2024-03-23,41.96017,-87.93164,204.8,"CHICAGO OHARE INTERNATIONAL AIRPORT, IL US",34.0,24,23.4,24,1024.5,23,999.2,24,9.7,0,11.0,24,15.0,19.0,39.0, ,28.0, ,0.12,G,999.9,1000,3,5,Spring,11.0,33.5,10.100000000000001,368.5,2024-03-23,6.273333333333333,0
72530094846,2024-03-24,41.96017,-87.93164,204.8,"CHICAGO OHARE INTERNATIONAL AIRPORT, IL US",37.4,24,18.9,24,1021.7,24,996.2,24,10.0,0,10.6,24,19.0,25.1,48.0, ,28.0, ,0.0,G,999.9,0,3,6,Spring,20.0,38.0,19.1,402.8,2024-03-24,7.746666666666666,0
72530094846,2024-03-25,41.96017,-87.93164,204.8,"CHICAGO OHARE INTERNATIONAL AIRPORT, IL US",50.9,24,31.0,24,1008.7,24,983.9,24,10.0,0,12.1,24,21.0,35.0,63.0, ,33.1, ,0.0,G,999.9,10000,3,0,Spring,29.9,48.05,17.049999999999997,581.405,2024-03-25,9.763333333333334,0
72530094846,2024-03-26,41.96017,-87.93164,204.8,"CHICAGO OHARE INTERNATIONAL AIRPORT, IL US",50.8,24,45.7,24,998.6,21,974.5,24,8.4,0,14.1,24,26.0,40.0,61.0,*,39.0,*,0.49,G,999.9,10000,3,1,Spring,22.0,50.0,4.299999999999997,705.0,2024-03-26,5.563333333333333,0
72530094846,2024-03-27,41.96017,-87.93164,204.8,"CHICAGO OHARE INTERNATIONAL AIRPORT, IL US",34.3,24,22.9,24,1014.5,22,989.3,23,10.0,0,13.4,24,20.0,35.0,42.1,*,28.9,*,0.12,G,999.9,0,3,2,Spring,13.200000000000003,35.5,12.600000000000001,475.7,2024-03-27,5.253333333333333,0
72530094846,2024-03-28,41.96017,-87.93164,204.8,"CHICAGO OHARE INTERNATIONAL AIRPORT, IL US",38.4,24,23.7,24,1019.6,24,994.5,24,10.0,0,7.1,24,13.0,20.0,50.0,*,28.9,*,0.0,G,999.9,0,3,3,Spring,21.1,39.45,15.750000000000004,280.095,2024-03-28,20.01,0
72530094846,2024-03-29,41.96017,-87.93164,204.8,"CHICAGO OHARE INTERNATIONAL AIRPORT, IL US",42.3,24,24.7,24,1017.5,24,992.6,24,10.0,0,5.5,24,9.9,999.9,53.1,*,33.1,*,0.0,G,999.9,0,3,4,Spring,20.0,43.1,18.400000000000002,237.05,2024-03-29,11.066666666666668,0
72530094846,2024-03-30,41.96017,-87.93164,204.8,"CHICAGO OHARE INTERNATIONAL AIRPORT, IL US",48.2,24,41.4,24,1009.5,18,984.8,24,8.1,0,7.3,24,14.0,20.0,61.0,*,42.1,*,0.43,G,999.9,110000,3,5,Spring,18.9,51.55,10.149999999999999,376.315,2024-03-30,22.633333333333336,0
72530094846,2024-03-31,41.96017,-87.93164,204.8,"CHICAGO OHARE INTERNATIONAL AIRPORT, IL US",42.6,24,34.9,24,1014.2,20,989.6,24,10.0,0,8.2,24,13.0,19.0,52.0,*,37.9,*,0.4,G,999.9,0,3,6,Spring,14.100000000000001,44.95,10.050000000000004,368.59,2024-03-31,8.336666666666666,0
72530094846,2024-04-01,41.96017,-87.93164,204.8,"CHICAGO OHARE INTERNATIONAL AIRPORT, IL US",43.5,24,39.6,24,1011.5,16,986.7,24,7.2,0,11.7,24,19.0,26.0,48.0,*,39.9,*,0.28,G,999.9,10010,4,0,Spring,8.100000000000001,43.95,4.350000000000001,514.215,2024-04-01,20.366666666666667,0
72530094846,2024-04-02,41.96017,-87.93164,204.8,"CHICAGO OHARE INTERNATIONAL AIRPORT, IL US",43.2,24,41.6,24,1000.6,13,976.2,24,3.5,0,12.5,24,20.0,28.0,48.0, ,37.0, ,0.42,G,999.9,10010,4,1,Spring,11.0,42.5,0.8999999999999986,531.25,2024-04-02,9.97,0
72530094846,2024-04-03,41.96017,-87.93164,204.8,"CHICAGO OHARE INTERNATIONAL AIRPORT, IL US",36.2,24,33.1,24,990.8,17,966.0,24,6.8,0,12.6,24,17.1,28.0,37.9,*,33.8,*,0.42,G,999.9,11000,4,2,Spring,4.100000000000001,35.849999999999994,2.749999999999993,451.7099999999999,2024-04-03,1.8977666666666668,0
72530094846,2024-04-04,41.96017,-87.93164,204.8,"CHICAGO OHARE INTERNATIONAL AIRPORT, IL US",38.1,24,33.9,24,1001.5,20,977.1,24,9.1,0,12.5,24,18.1,26.0,45.0, ,34.0, ,0.28,G,999.9,11000,4,3,Spring,11.0,39.5,5.600000000000001,493.75,2024-04-04,2.606333333333333,0
72530094846,2024-04-05,41.96017,-87.93164,204.8,"CHICAGO OHARE INTERNATIONAL AIRPORT, IL US",41.7,24,31.3,24,1017.2,23,992.7,24,10.0,0,10.2,24,15.9,26.0,48.9, ,36.0, ,0.07,G,999.9,0,4,4,Spring,12.899999999999999,42.45,11.150000000000002,432.99,2024-04-05,3.4666666666666663,0
72530094846,2024-04-06,41.96017,-87.93164,204.8,"CHICAGO OHARE INTERNATIONAL AIRPORT, IL US",42.4,24,26.5,24,1023.6,24,998.5,24,10.0,0,6.2,24,11.1,999.9,53.1, ,32.0, ,0.0,G,999.9,0,4,5,Spring,21.1,42.55,16.049999999999997,263.81,2024-04-06,4.233333333333333,0
72530094846,2024-04-07,41.96017,-87.93164,204.8,"CHICAGO OHARE INTERNATIONAL AIRPORT, IL US",44.1,24,34.4,24,1016.9,24,991.8,24,9.6,0,8.9,24,20.0,28.0,53.1, ,32.0, ,0.0,G,999.9,10000,4,6,Spring,21.1,42.55,8.149999999999999,378.695,2024-04-07,5.12,0
72530094846,2024-04-08,41.96017,-87.93164,204.8,"CHICAGO OHARE INTERNATIONAL AIRPORT, IL US",55.1,24,42.4,24,1010.7,24,986.3,24,10.0,0,9.7,24,19.0,27.0,71.1, ,39.0, ,0.37,G,999.9,0,4,0,Spring,32.099999999999994,55.05,12.649999999999999,533.9849999999999,2024-04-08,4.803333333333334,0
72530094846,2024-04-09,41.96017,-87.93164,204.8,"CHICAGO OHARE INTERNATIONAL AIRPORT, IL US",59.7,24,40.4,24,1011.1,24,987.0,24,10.0,0,8.4,24,14.0,22.0,71.1, ,46.9, ,0.0,G,999.9,0,4,1,Spring,24.199999999999996,59.0,18.6,495.6,2024-04-09,3.8000000000000003,0
72530094846,2024-04-10,41.96017,-87.93164,204.8,"CHICAGO OHARE INTERNATIONAL AIRPORT, IL US",56.2,24,38.9,24,1013.1,24,988.5,24,10.0,0,3.6,24,12.0,999.9,69.1, ,45.0, ,0.0,G,999.9,0,4,2,Spring,24.099999999999994,57.05,18.15,205.38,2024-04-10,8.443333333333333,0
72530094846,2024-04-11,41.96017,-87.93164,204.8,"CHICAGO OHARE INTERNATIONAL AIRPORT, IL US",55.6,24,39.3,24,1004.1,24,979.8,24,10.0,0,8.2,24,15.0,999.9,69.1, ,45.0, ,0.0,G,999.9,10000,4,3,Spring,24.099999999999994,57.05,17.75,467.80999999999995,2024-04-11,8.556666666666667,0
72530094846,2024-04-12,41.96017,-87.93164,204.8,"CHICAGO OHARE INTERNATIONAL AIRPORT, IL US",54.2,24,42.6,24,1004.5,23,980.7,24,10.0,0,12.5,24,25.1,34.0,64.0, ,48.9, ,0.01,G,999.9,10010,4,4,Spring,15.100000000000001,56.45,13.850000000000001,705.625,2024-04-12,5.163333333333333,0
72530094846,2024-04-13,41.96017,-87.93164,204.8,"CHICAGO OHARE INTERNATIONAL AIRPORT, IL US",55.4,24,35.1,24,1016.3,24,991.7,24,10.0,0,6.5,24,11.1,21.0,71.1, ,44.1, ,0.06,G,999.9,0,4,5,Spring,26.999999999999993,57.599999999999994,22.499999999999993,374.4,2024-04-13,5.413333333333334,0
72530094846,2024-04-14,41.96017,-87.93164,204.8,"CHICAGO OHARE INTERNATIONAL AIRPORT, IL US",69.4,24,44.2,24,1006.6,24,982.7,24,10.0,0,11.6,24,17.1,27.0,80.1,*,62.1,*,0.0,G,999.9,0,4,6,Spring,17.999999999999993,71.1,26.89999999999999,824.7599999999999,2024-04-14,6.6000000000000005,0
72530094846,2024-04-15,41.96017,-87.93164,204.8,"CHICAGO OHARE INTERNATIONAL AIRPORT, IL US",62.8,24,38.2,24,1012.0,24,988.2,24,10.0,0,6.4,24,11.1,999.9,81.0, ,48.0, ,0.0,G,999.9,0,4,0,Spring,33.0,64.5,26.299999999999997,412.8,2024-04-15,7.733333333333333,0
72530094846,2024-04-16,41.96017,-87.93164,204.8,"CHICAGO OHARE INTERNATIONAL AIRPORT, IL US",62.8,24,40.3,24,1014.0,24,989.3,24,10.0,0,10.8,24,20.0,31.1,81.0, ,48.0, ,0.0,G,999.9,10000,4,1,Spring,33.0,64.5,24.200000000000003,696.6,2024-04-16,8.506666666666666,0
72530094846,2024-04-17,41.96017,-87.93164,204.8,"CHICAGO OHARE INTERNATIONAL AIRPORT, IL US",65.4,24,55.7,24,1002.9,18,979.6,24,10.0,0,15.5,24,22.9,39.0,81.0, ,51.1, ,0.1,G,999.9,10010,4,2,Spring,29.9,66.05,10.349999999999994,1023.775,2024-04-17,8.393333333333333,0
72530094846,2024-04-18,41.96017,-87.93164,204.8,"CHICAGO OHARE INTERNATIONAL AIRPORT, IL US",53.6,24,42.6,24,1015.6,24,991.2,24,10.0,0,7.3,24,15.9,29.9,68.0, ,46.9, ,0.19,G,999.9,10000,4,3,Spring,21.1,57.45,14.850000000000001,419.385,2024-04-18,6.243333333333333,0
72530094846,2024-04-19,41.96017,-87.93164,204.8,"CHICAGO OHARE INTERNATIONAL AIRPORT, IL US",49.3,24,34.3,24,1017.7,24,993.1,24,9.8,0,13.1,24,22.0,31.1,57.9, ,41.0, ,0.1,G,999.9,10000,4,4,Spring,16.9,49.45,15.150000000000006,647.7950000000001,2024-04-19,4.196666666666666,0
72530094846,2024-04-20,41.96017,-87.93164,204.8,"CHICAGO OHARE INTERNATIONAL AIRPORT, IL US",42.6,24,22.7,24,1021.6,24,996.9,24,10.0,0,11.2,24,17.1,25.1,55.9, ,35.1, ,0.0,G,999.9,0,4,5,Spring,20.799999999999997,45.5,22.8,509.59999999999997,2024-04-20,2.4166666666666665,0
72530094846,2024-04-21,41.96017,-87.93164,204.8,"CHICAGO OHARE INTERNATIONAL AIRPORT, IL US",43.7,24,24.0,24,1021.8,24,996.7,24,10.0,0,8.2,24,13.0,22.0,57.9, ,33.1, ,0.0,G,999.9,0,4,6,Spring,24.799999999999997,45.5,21.5,373.09999999999997,2024-04-21,6.283333333333334,0
72530094846,2024-04-22,41.96017,-87.93164,204.8,"CHICAGO OHARE INTERNATIONAL AIRPORT, IL US",53.4,24,26.9,24,1017.9,24,993.1,24,10.0,0,9.7,24,20.0,29.9,66.9, ,33.1, ,0.0,G,999.9,0,4,0,Spring,33.800000000000004,50.0,23.1,484.99999999999994,2024-04-22,9.209999999999999,0
72530094846,2024-04-23,41.96017,-87.93164,204.8,"CHICAGO OHARE INTERNATIONAL AIRPORT, IL US",59.2,24,37.6,24,1008.5,24,984.2,24,10.0,0,13.0,24,19.0,26.0,66.9, ,41.0, ,0.0,G,999.9,10000,4,1,Spring,25.900000000000006,53.95,16.35,701.35,2024-04-23,6.4433333333333325,0
72530094846,2024-04-24,41.96017,-87.93164,204.8,"CHICAGO OHARE INTERNATIONAL AIRPORT, IL US",45.2,24,31.6,24,1020.5,21,995.5,24,10.0,0,14.2,24,22.9,32.1,64.0, ,39.0, ,0.0,G,999.9,0,4,2,Spring,25.0,51.5,19.9,731.3,2024-04-24,4.579999999999999,0
72530094846,2024-04-25,41.96017,-87.93164,204.8,"CHICAGO OHARE INTERNATIONAL AIRPORT, IL US",43.7,24,29.5,24,1026.5,24,1.4,24,10.0,0,5.3,24,9.9,15.9,57.9, ,33.1, ,0.0,G,999.9,0,4,3,Spring,24.799999999999997,45.5,16.0,241.15,2024-04-25,11.616666666666667,0
72530094846,2024-04-26,41.96017,-87.93164,204.8,"CHICAGO OHARE INTERNATIONAL AIRPORT, IL US",49.2,24,37.4,24,1020.2,23,994.8,24,9.5,0,9.6,24,24.1,29.9,57.9, ,33.1, ,0.0,G,999.9,10000,4,4,Spring,24.799999999999997,45.5,8.100000000000001,436.8,2024-04-26,11.613333333333335,0
72530094846,2024-04-27,41.96017,-87.93164,204.8,"CHICAGO OHARE INTERNATIONAL AIRPORT, IL US",65.7,24,58.1,24,1010.2,23,985.9,24,9.9,0,13.4,24,18.1,34.0,79.0, ,43.0, ,0.41,G,999.9,10010,4,5,Spring,36.0,61.0,2.8999999999999986,817.4,2024-04-27,13.82,0
72530094846,2024-04-28,41.96017,-87.93164,204.8,"CHICAGO OHARE INTERNATIONAL AIRPORT, IL US",67.3,24,60.8,24,1011.9,16,988.2,24,9.0,0,9.0,24,15.9,34.0,79.0, ,59.0, ,0.36,G,999.9,10010,4,6,Spring,20.0,69.0,8.200000000000003,621.0,2024-04-28,13.42,0
72530094846,2024-04-29,41.96017,-87.93164,204.8,"CHICAGO OHARE INTERNATIONAL AIRPORT, IL US",66.3,24,59.5,24,1009.7,17,985.6,24,8.8,0,9.8,24,15.9,22.9,75.0, ,60.1, ,0.58,G,999.9,10010,4,0,Spring,14.899999999999999,67.55,8.049999999999997,661.99,2024-04-29,5.873333333333334,0
72530094846,2024-04-30,41.96017,-87.93164,204.8,"CHICAGO OHARE INTERNATIONAL AIRPORT, IL US",60.5,24,46.7,24,1012.2,24,987.9,24,10.0,0,6.8,24,11.1,18.1,73.9, ,50.0, ,0.08,G,999.9,0,4,1,Spring,23.900000000000006,61.95,15.25,421.26,2024-04-30,3.9966666666666666,0
72530094846,2024-05-01,41.96017,-87.93164,204.8,"CHICAGO OHARE INTERNATIONAL AIRPORT, IL US",69.5,24,47.8,24,1010.3,22,986.3,24,10.0,0,10.6,24,15.9,26.0,75.0,*,64.9,*,0.01,G,999.9,10000,5,2,Spring,10.099999999999994,69.95,22.150000000000006,741.47,2024-05-01,4.24,0
72530094846,2024-05-02,41.96017,-87.93164,204.8,"CHICAGO OHARE INTERNATIONAL AIRPORT, IL US",65.6,24,46.9,24,1012.9,24,988.6,24,10.0,0,7.3,24,15.0,18.1,81.0, ,54.0, ,0.01,A,999.9,10010,5,3,Spring,27.0,67.5,20.6,492.75,2024-05-02,9.633333333333333,0
72530094846,2024-05-03,41.96017,-87.93164,204.8,"CHICAGO OHARE INTERNATIONAL AIRPORT, IL US",64.6,24,53.9,24,1014.4,19,989.7,24,9.2,0,6.7,24,13.0,19.0,81.0, ,54.0, ,0.79,G,999.9,10010,5,4,Spring,27.0,67.5,13.600000000000001,452.25,2024-05-03,10.943333333333333,0
72530094846,2024-05-04,41.96017,-87.93164,204.8,"CHICAGO OHARE INTERNATIONAL AIRPORT, IL US",63.1,24,47.5,24,1014.6,24,990.0,24,10.0,0,6.1,24,20.0,32.1,81.0,*,46.9,*,0.16,G,999.9,10010,5,5,Spring,34.1,63.95,16.450000000000003,390.09499999999997,2024-05-04,10.49,0
72530094846,2024-05-05,41.96017,-87.93164,204.8,"CHICAGO OHARE INTERNATIONAL AIRPORT, IL US",58.8,24,49.1,24,1016.1,21,991.4,24,9.6,0,8.5,24,17.1,999.9,64.9,*,51.1,*,0.22,G,999.9,10010,5,6,Spring,13.800000000000004,58.0,8.899999999999999,493.0,2024-05-05,3.92,0
72530094846,2024-05-06,41.96017,-87.93164,204.8,"CHICAGO OHARE INTERNATIONAL AIRPORT, IL US",58.1,24,44.8,24,1015.7,24,991.0,24,10.0,0,6.5,24,12.0,17.1,70.0, ,48.0, ,0.0,G,999.9,0,5,0,Spring,22.0,59.0,14.200000000000003,383.5,2024-05-06,6.336666666666666,0
72530094846,2024-05-07,41.96017,-87.93164,204.8,"CHICAGO OHARE INTERNATIONAL AIRPORT, IL US",65.3,24,54.0,24,1004.4,21,979.6,24,9.7,0,9.2,24,17.1,25.1,75.0, ,48.0, ,0.0,G,999.9,110010,5,1,Spring,27.0,61.5,7.5,565.8,2024-05-07,7.52,0
72530094846,2024-05-08,41.96017,-87.93164,204.8,"CHICAGO OHARE INTERNATIONAL AIRPORT, IL US",66.8,24,46.7,24,1004.2,23,980.1,23,10.0,0,5.8,24,14.0,20.0,79.0, ,53.1, ,0.78,G,999.9,10010,5,2,Spring,25.9,66.05,19.349999999999994,383.09,2024-05-08,2.18,0
72530094846,2024-05-09,41.96017,-87.93164,204.8,"CHICAGO OHARE INTERNATIONAL AIRPORT, IL US",58.9,24,48.5,24,1006.0,17,982.8,24,9.5,0,10.3,24,15.9,999.9,79.0, ,53.1, ,0.17,G,999.9,10010,5,3,Spring,25.9,66.05,17.549999999999997,680.315,2024-05-09,7.266666666666667,0
72530094846,2024-05-10,41.96017,-87.93164,204.8,"CHICAGO OHARE INTERNATIONAL AIRPORT, IL US",55.0,24,46.5,24,1012.7,24,988.2,24,10.0,0,7.0,24,15.0,22.0,66.9, ,46.0, ,0.34,G,999.9,0,5,4,Spring,20.900000000000006,56.45,9.950000000000003,395.15000000000003,2024-05-10,5.81,0
72530094846,2024-05-11,41.96017,-87.93164,204.8,"CHICAGO OHARE INTERNATIONAL AIRPORT, IL US",59.8,24,45.4,24,1008.4,23,984.1,24,9.8,0,10.0,24,15.9,26.0,70.0, ,46.0, ,0.11,G,999.9,10010,5,5,Spring,24.0,58.0,12.600000000000001,580.0,2024-05-11,7.463333333333334,0
72530094846,2024-05-12,41.96017,-87.93164,204.8,"CHICAGO OHARE INTERNATIONAL AIRPORT, IL US",63.7,24,46.1,24,1010.2,24,985.8,24,10.0,0,6.1,24,14.0,22.0,82.9, ,48.9, ,0.0,G,999.9,0,5,6,Spring,34.00000000000001,65.9,19.800000000000004,401.99,2024-05-12,17.0,0
72530094846,2024-05-13,41.96017,-87.93164,204.8,"CHICAGO OHARE INTERNATIONAL AIRPORT, IL US",72.4,24,52.2,24,1007.1,24,983.3,24,10.0,0,9.5,24,13.0,19.0,82.9, ,48.9, ,0.0,G,999.9,10000,5,0,Spring,34.00000000000001,65.9,13.700000000000003,626.0500000000001,2024-05-13,13.1,0
72530094846,2024-05-14,41.96017,-87.93164,204.8,"CHICAGO OHARE INTERNATIONAL AIRPORT, IL US",58.1,24,53.2,24,1008.9,19,984.6,24,8.7,0,9.1,24,15.9,21.0,81.0, ,51.1, ,0.13,G,999.9,10000,5,1,Spring,29.9,66.05,12.849999999999994,601.055,2024-05-14,24.3,0
72530094846,2024-05-15,41.96017,-87.93164,204.8,"CHICAGO OHARE INTERNATIONAL AIRPORT, IL US",58.0,24,44.1,24,1010.3,24,986.0,24,10.0,0,12.3,24,18.1,999.9,66.9, ,52.0, ,0.02,G,999.9,0,5,2,Spring,14.900000000000006,59.45,15.350000000000001,731.2350000000001,2024-05-15,12.866666666666667,0
72530094846,2024-05-16,41.96017,-87.93164,204.8,"CHICAGO OHARE INTERNATIONAL AIRPORT, IL US",61.9,24,49.6,24,1010.1,23,985.8,24,9.6,0,6.6,24,13.0,22.9,75.0, ,52.0, ,0.0,G,999.9,10010,5,3,Spring,23.0,63.5,13.899999999999999,419.09999999999997,2024-05-16,18.033333333333335,0
72530094846,2024-05-17,41.96017,-87.93164,204.8,"CHICAGO OHARE INTERNATIONAL AIRPORT, IL US",68.6,24,57.9,24,1007.4,22,983.6,24,8.7,0,5.6,24,11.1,17.1,81.0, ,52.0, ,0.48,G,999.9,100000,5,4,Spring,29.0,66.5,8.600000000000001,372.4,2024-05-17,23.5,0
72530094846,2024-05-18,41.96017,-87.93164,204.8,"CHICAGO OHARE INTERNATIONAL AIRPORT, IL US",71.3,24,57.0,24,1009.5,24,985.6,24,9.8,0,5.0,24,12.0,20.0,84.9, ,59.0, ,0.0,G,999.9,0,5,5,Spring,25.900000000000006,71.95,14.950000000000003,359.75,2024-05-18,20.7,0
72530094846,2024-05-19,41.96017,-87.93164,204.8,"CHICAGO OHARE INTERNATIONAL AIRPORT, IL US",74.4,24,53.4,24,1013.1,24,989.4,24,10.0,0,8.0,24,13.0,20.0,84.9, ,59.0, ,0.0,G,999.9,0,5,6,Spring,25.900000000000006,71.95,18.550000000000004,575.6,2024-05-19,8.453333333333333,0
72530094846,2024-05-20,41.96017,-87.93164,204.8,"CHICAGO OHARE INTERNATIONAL AIRPORT, IL US",71.0,24,51.1,24,1011.6,24,987.5,24,10.0,0,8.3,24,21.0,35.9,86.0, ,61.0, ,0.0,G,999.9,10010,5,0,Spring,25.0,73.5,22.4,610.0500000000001,2024-05-20,9.25,0
72530094846,2024-05-21,41.96017,-87.93164,204.8,"CHICAGO OHARE INTERNATIONAL AIRPORT, IL US",74.7,24,61.1,24,1008.0,24,984.1,24,9.5,0,9.7,24,21.0,35.9,89.1, ,61.0, ,0.0,G,999.9,0,5,1,Spring,28.099999999999994,75.05,13.949999999999996,727.9849999999999,2024-05-21,19.725,0
72530094846,2024-05-22,41.96017,-87.93164,204.8,"CHICAGO OHARE INTERNATIONAL AIRPORT, IL US",73.5,24,55.4,24,1004.4,24,980.9,24,10.0,0,16.5,24,22.9,47.0,89.1, ,61.0, ,0.0,G,999.9,0,5,2,Spring,28.099999999999994,75.05,19.65,1238.325,2024-05-22,5.525,0
72530094846,2024-05-23,41.96017,-87.93164,204.8,"CHICAGO OHARE INTERNATIONAL AIRPORT, IL US",69.0,24,45.8,24,1012.3,24,988.1,24,10.0,0,5.4,24,14.0,999.9,81.0, ,57.9, ,0.0,G,999.9,0,5,3,Spring,23.1,69.45,23.650000000000006,375.03000000000003,2024-05-23,12.217500000000001,0
72530094846,2024-05-24,41.96017,-87.93164,204.8,"CHICAGO OHARE INTERNATIONAL AIRPORT, IL US",69.4,24,54.6,24,1009.4,24,985.2,24,10.0,0,7.5,24,15.0,28.9,81.0, ,57.9, ,0.0,G,999.9,10010,5,4,Spring,23.1,69.45,14.850000000000001,520.875,2024-05-24,10.39,0
72530094846,2024-05-25,41.96017,-87.93164,204.8,"CHICAGO OHARE INTERNATIONAL AIRPORT, IL US",67.7,24,51.7,24,1009.5,21,985.0,24,10.0,0,8.4,24,15.0,25.1,77.0, ,55.9, ,0.06,G,999.9,10010,5,5,Spring,21.1,66.45,14.75,558.1800000000001,2024-05-25,7.05,0
72530094846,2024-05-26,41.96017,-87.93164,204.8,"CHICAGO OHARE INTERNATIONAL AIRPORT, IL US",63.3,24,48.4,24,1007.2,21,982.5,24,8.9,0,6.7,24,13.0,999.9,75.9, ,55.9, ,0.0,G,999.9,10010,5,6,Spring,20.000000000000007,65.9,17.500000000000007,441.53000000000003,2024-05-26,8.045,0
72530094846,2024-05-27,41.96017,-87.93164,204.8,"CHICAGO OHARE INTERNATIONAL AIRPORT, IL US",63.9,24,54.7,24,1002.1,21,978.5,24,10.0,0,10.5,24,17.1,25.1,73.9, ,57.9, ,0.74,G,999.9,10010,5,0,Spring,16.000000000000007,65.9,11.200000000000003,691.95,2024-05-27,4.9575,0
72530094846,2024-05-28,41.96017,-87.93164,204.8,"CHICAGO OHARE INTERNATIONAL AIRPORT, IL US",62.9,24,53.0,24,1012.2,20,988.2,24,9.5,0,5.9,24,14.0,21.0,73.9, ,55.9, ,0.0,G,999.9,10010,5,1,Spring,18.000000000000007,64.9,11.900000000000006,382.9100000000001,2024-05-28,4.835,0
72530094846,2024-05-29,41.96017,-87.93164,204.8,"CHICAGO OHARE INTERNATIONAL AIRPORT, IL US",60.1,24,50.5,24,1019.7,23,995.1,24,10.0,0,10.2,24,18.1,22.9,72.0, ,53.1, ,0.21,G,999.9,10000,5,2,Spring,18.9,62.55,12.049999999999997,638.0099999999999,2024-05-29,4.8125,0
72530094846,2024-05-30,41.96017,-87.93164,204.8,"CHICAGO OHARE INTERNATIONAL AIRPORT, IL US",58.5,24,35.4,24,1023.3,24,998.7,24,10.0,0,6.8,24,11.1,999.9,70.0, ,45.0, ,0.0,G,999.9,0,5,3,Spring,25.0,57.5,22.1,391.0,2024-05-30,4.2975,0
72530094846,2024-05-31,41.96017,-87.93164,204.8,"CHICAGO OHARE INTERNATIONAL AIRPORT, IL US",63.9,24,43.8,24,1022.1,24,997.7,24,10.0,0,5.5,24,11.1,22.0,79.0, ,45.0, ,0.0,G,999.9,0,5,4,Spring,34.0,62.0,18.200000000000003,341.0,2024-05-31,8.0175,0
72530094846,2024-06-01,41.96017,-87.93164,204.8,"CHICAGO OHARE INTERNATIONAL AIRPORT, IL US",66.2,24,52.0,24,1017.1,20,992.2,24,7.5,0,6.3,24,12.0,17.1,79.0, ,57.9, ,0.0,G,999.9,10000,6,5,Summer,21.1,68.45,16.450000000000003,431.235,2024-06-01,15.55,0
72530094846,2024-06-02,41.96017,-87.93164,204.8,"CHICAGO OHARE INTERNATIONAL AIRPORT, IL US",64.9,24,58.0,24,1014.5,15,989.9,24,7.5,0,5.4,24,9.9,999.9,77.0, ,59.0, ,0.95,G,999.9,110000,6,6,Summer,18.0,68.0,10.0,367.20000000000005,2024-06-02,16.975,0
72530094846,2024-06-03,41.96017,-87.93164,204.8,"CHICAGO OHARE INTERNATIONAL AIRPORT, IL US",70.5,24,58.7,24,1011.6,24,987.3,24,9.9,0,7.1,24,14.0,22.0,86.0, ,57.9, ,0.0,G,999.9,0,6,0,Summer,28.1,71.95,13.25,510.84499999999997,2024-06-03,17.5,0
72530094846,2024-06-04,41.96017,-87.93164,204.8,"CHICAGO OHARE INTERNATIONAL AIRPORT, IL US",78.7,24,62.7,24,1007.3,24,983.5,24,10.0,0,7.8,24,12.0,18.1,86.0, ,57.9, ,0.0,G,999.9,10000,6,1,Summer,28.1,71.95,9.25,561.21,2024-06-04,13.925,0
72530094846,2024-06-05,41.96017,-87.93164,204.8,"CHICAGO OHARE INTERNATIONAL AIRPORT, IL US",73.5,24,65.0,24,1002.5,14,978.8,24,9.5,0,8.3,24,18.1,35.0,84.9, ,69.1, ,0.43,G,999.9,10010,6,2,Summer,15.800000000000011,77.0,12.0,639.1,2024-06-05,6.0875,0
72530094846,2024-06-06,41.96017,-87.93164,204.8,"CHICAGO OHARE INTERNATIONAL AIRPORT, IL US",72.4,24,51.4,24,1002.8,24,979.1,24,10.0,0,10.8,24,20.0,36.9,79.0, ,64.0, ,0.3,G,999.9,0,6,3,Summer,15.0,71.5,20.1,772.2,2024-06-06,8.21325,0
72530094846,2024-06-07,41.96017,-87.93164,204.8,"CHICAGO OHARE INTERNATIONAL AIRPORT, IL US",69.4,24,47.5,24,1007.4,24,983.7,24,10.0,0,11.2,24,19.0,29.9,78.1, ,59.0, ,0.0,G,999.9,0,6,4,Summer,19.099999999999994,68.55,21.049999999999997,767.7599999999999,2024-06-07,4.720000000000001,0
72530094846,2024-06-08,41.96017,-87.93164,204.8,"CHICAGO OHARE INTERNATIONAL AIRPORT, IL US",67.3,24,51.5,24,1009.7,21,985.6,24,9.4,0,5.7,24,21.0,27.0,78.1, ,57.0, ,0.0,G,999.9,10000,6,5,Summer,21.099999999999994,67.55,16.049999999999997,385.03499999999997,2024-06-08,10.495000000000001,0
72530094846,2024-06-09,41.96017,-87.93164,204.8,"CHICAGO OHARE INTERNATIONAL AIRPORT, IL US",64.8,24,50.8,24,1010.6,24,986.5,24,9.7,0,9.1,24,17.1,32.1,80.1, ,55.0, ,0.07,G,999.9,10000,6,6,Summer,25.099999999999994,67.55,16.75,614.7049999999999,2024-06-09,8.2075,0
72530094846,2024-06-10,41.96017,-87.93164,204.8,"CHICAGO OHARE INTERNATIONAL AIRPORT, IL US",61.1,24,47.5,24,1013.9,17,989.7,24,9.6,0,11.9,24,20.0,28.9,80.1, ,53.1, ,0.01,G,999.9,10000,6,0,Summer,26.999999999999993,66.6,19.099999999999994,792.54,2024-06-10,5.4625,0
72530094846,2024-06-11,41.96017,-87.93164,204.8,"CHICAGO OHARE INTERNATIONAL AIRPORT, IL US",62.8,24,42.4,24,1015.4,24,990.9,24,10.0,0,4.6,24,9.9,15.9,78.1, ,50.0, ,0.0,I,999.9,0,6,1,Summer,28.099999999999994,64.05,21.65,294.62999999999994,2024-06-11,7.46,0
72530094846,2024-06-12,41.96017,-87.93164,204.8,"CHICAGO OHARE INTERNATIONAL AIRPORT, IL US",76.5,24,51.0,24,1011.9,24,988.0,24,10.0,0,7.2,24,11.1,15.9,90.0,*,66.0,*,0.0,G,999.9,0,6,2,Summer,24.0,78.0,27.0,561.6,2024-06-12,6.5649999999999995,0
72530094846,2024-06-13,41.96017,-87.93164,204.8,"CHICAGO OHARE INTERNATIONAL AIRPORT, IL US",81.5,24,62.8,24,1009.4,24,985.8,24,10.0,0,8.6,24,15.0,24.1,91.0, ,66.0, ,0.0,G,999.9,10010,6,3,Summer,25.0,78.5,15.700000000000003,675.1,2024-06-13,12.3975,0
72530094846,2024-06-14,41.96017,-87.93164,204.8,"CHICAGO OHARE INTERNATIONAL AIRPORT, IL US",77.4,24,57.8,24,1012.7,24,989.1,24,10.0,0,6.1,24,17.1,22.0,91.0, ,64.9, ,0.01,G,999.9,0,6,4,Summer,26.099999999999994,77.95,20.150000000000006,475.495,2024-06-14,8.02,0
72530094846,2024-06-15,41.96017,-87.93164,204.8,"CHICAGO OHARE INTERNATIONAL AIRPORT, IL US",70.9,24,53.0,24,1017.8,24,993.6,24,10.0,0,7.9,24,17.1,22.9,86.0, ,57.9, ,0.0,G,999.9,0,6,5,Summer,28.1,71.95,18.950000000000003,568.4050000000001,2024-06-15,6.7925,0
72530094846,2024-06-16,41.96017,-87.93164,204.8,"CHICAGO OHARE INTERNATIONAL AIRPORT, IL US",80.5,24,57.1,24,1012.5,24,988.6,24,10.0,0,12.7,24,17.1,27.0,95.0, ,57.9, ,0.0,G,999.9,10000,6,6,Summer,37.1,76.45,19.35,970.915,2024-06-16,11.4,0
72530094846,2024-06-17,41.96017,-87.93164,204.8,"CHICAGO OHARE INTERNATIONAL AIRPORT, IL US",84.3,24,66.3,24,1011.6,24,987.9,24,10.0,0,9.0,24,15.0,27.0,97.0, ,71.1, ,0.01,G,999.9,10000,6,0,Summer,25.900000000000006,84.05,17.75,756.4499999999999,2024-06-17,16.575,0
72530094846,2024-06-18,41.96017,-87.93164,204.8,"CHICAGO OHARE INTERNATIONAL AIRPORT, IL US",85.3,24,68.5,24,1013.4,24,989.7,24,10.0,0,13.0,24,18.1,31.1,97.0, ,77.0, ,0.0,G,999.9,10000,6,1,Summer,20.0,87.0,18.5,1131.0,2024-06-18,5.6975,0
72530094846,2024-06-19,41.96017,-87.93164,204.8,"CHICAGO OHARE INTERNATIONAL AIRPORT, IL US",84.8,24,67.2,24,1019.1,24,995.4,24,10.0,0,11.0,24,18.1,28.9,93.9, ,77.0, ,0.0,G,999.9,10000,6,2,Summer,16.900000000000006,85.45,18.25,939.95,2024-06-19,19.075,0
72530094846,2024-06-20,41.96017,-87.93164,204.8,"CHICAGO OHARE INTERNATIONAL AIRPORT, IL US",77.0,24,66.9,24,1023.6,23,999.6,24,9.9,0,6.9,24,12.0,999.9,93.0, ,68.0, ,0.09,G,999.9,10010,6,3,Summer,25.0,80.5,13.599999999999994,555.45,2024-06-20,18.425,0
72530094846,2024-06-21,41.96017,-87.93164,204.8,"CHICAGO OHARE INTERNATIONAL AIRPORT, IL US",76.2,24,64.3,24,1021.3,19,998.0,24,8.8,0,6.0,24,12.0,19.0,93.9, ,64.0, ,0.01,G,999.9,110000,6,4,Summer,29.900000000000006,78.95,14.650000000000006,473.70000000000005,2024-06-21,18.9,0
72530094846,2024-06-22,41.96017,-87.93164,204.8,"CHICAGO OHARE INTERNATIONAL AIRPORT, IL US",82.4,24,65.3,24,1013.2,24,989.4,24,10.0,0,10.4,24,20.0,29.9,93.9, ,66.0, ,0.0,G,999.9,10010,6,5,Summer,27.900000000000006,79.95,14.650000000000006,831.48,2024-06-22,13.25,0
72530094846,2024-06-23,41.96017,-87.93164,204.8,"CHICAGO OHARE INTERNATIONAL AIRPORT, IL US",76.5,24,66.8,24,1006.9,19,982.7,24,9.4,0,10.3,24,17.1,28.9,93.0, ,69.1, ,0.91,G,999.9,10010,6,6,Summer,23.900000000000006,81.05,14.25,834.815,2024-06-23,4.165,0
72530094846,2024-06-24,41.96017,-87.93164,204.8,"CHICAGO OHARE INTERNATIONAL AIRPORT, IL US",75.5,24,62.4,24,1012.5,24,988.7,24,10.0,0,4.7,24,11.1,999.9,88.0, ,64.9, ,0.0,G,999.9,0,6,0,Summer,23.099999999999994,76.45,14.050000000000004,359.31500000000005,2024-06-24,7.845000000000001,0
72530094846,2024-06-25,41.96017,-87.93164,204.8,"CHICAGO OHARE INTERNATIONAL AIRPORT, IL US",79.5,24,68.0,24,1007.7,21,984.1,24,9.7,0,11.8,24,22.9,36.9,88.0, ,64.9, ,0.0,G,999.9,10010,6,1,Summer,23.099999999999994,76.45,8.450000000000003,902.1100000000001,2024-06-25,10.43,0
72530094846,2024-06-26,41.96017,-87.93164,204.8,"CHICAGO OHARE INTERNATIONAL AIRPORT, IL US",79.0,24,66.4,24,1008.5,24,984.8,24,10.0,0,6.6,24,13.0,22.0,87.1, ,73.0, ,0.45,G,999.9,10010,6,2,Summer,14.099999999999994,80.05,13.649999999999991,528.3299999999999,2024-06-26,5.827500000000001,0
72530094846,2024-06-27,41.96017,-87.93164,204.8,"CHICAGO OHARE INTERNATIONAL AIRPORT, IL US",68.6,24,53.2,24,1014.6,24,990.7,24,10.0,0,10.4,24,18.1,999.9,87.1, ,61.0, ,0.0,G,999.9,0,6,3,Summer,26.099999999999994,74.05,20.849999999999994,770.12,2024-06-27,3.0324999999999998,0
72530094846,2024-06-28,41.96017,-87.93164,204.8,"CHICAGO OHARE INTERNATIONAL AIRPORT, IL US",68.0,24,58.4,24,1012.2,24,987.9,24,9.7,0,7.2,24,12.0,21.0,73.9, ,61.0, ,0.0,G,999.9,10000,6,4,Summer,12.900000000000006,67.45,9.050000000000004,485.64000000000004,2024-06-28,15.0,0
72530094846,2024-06-29,41.96017,-87.93164,204.8,"CHICAGO OHARE INTERNATIONAL AIRPORT, IL US",78.1,24,70.5,24,1008.6,22,985.0,24,9.7,0,6.9,24,13.0,22.9,88.0, ,64.9, ,0.16,G,999.9,10000,6,5,Summer,23.099999999999994,76.45,5.950000000000003,527.505,2024-06-29,16.775,0
72530094846,2024-06-30,41.96017,-87.93164,204.8,"CHICAGO OHARE INTERNATIONAL AIRPORT, IL US",69.0,24,53.7,24,1021.1,24,997.3,24,10.0,0,11.6,24,17.1,22.9,88.0, ,59.0, ,0.01,G,999.9,0,6,6,Summer,29.0,73.5,19.799999999999997,852.6,2024-06-30,1.8650000000000002,0
72530094846,2024-07-01,41.96017,-87.93164,204.8,"CHICAGO OHARE INTERNATIONAL AIRPORT, IL US",65.3,24,47.7,24,1025.0,24,0.4,24,10.0,0,6.5,24,13.0,22.0,75.0, ,54.0, ,0.0,G,999.9,0,7,0,Summer,21.0,64.5,16.799999999999997,419.25,2024-07-01,7.5525,0
72530094846,2024-07-02,41.96017,-87.93164,204.8,"CHICAGO OHARE INTERNATIONAL AIRPORT, IL US",71.7,24,53.8,24,1017.0,24,992.6,24,10.0,0,8.9,24,19.0,28.0,84.9, ,54.0, ,0.0,G,999.9,0,7,1,Summer,30.900000000000006,69.45,15.650000000000006,618.105,2024-07-02,4.5024999999999995,0
72530094846,2024-07-03,41.96017,-87.93164,204.8,"CHICAGO OHARE INTERNATIONAL AIRPORT, IL US",79.9,24,62.8,24,1010.7,22,987.1,24,10.0,0,8.5,24,19.0,22.0,88.0, ,66.9, ,0.01,G,999.9,10000,7,2,Summer,21.099999999999994,77.45,14.650000000000006,658.325,2024-07-03,4.9375,0
72530094846,2024-07-04,41.96017,-87.93164,204.8,"CHICAGO OHARE INTERNATIONAL AIRPORT, IL US",77.3,24,66.1,24,1012.4,24,988.6,24,9.7,0,3.1,24,8.0,17.1,84.9,*,69.1,*,0.09,G,999.9,10000,7,3,Summer,15.800000000000011,77.0,10.900000000000006,238.70000000000002,2024-07-04,24.650000000000002,0
72530094846,2024-07-05,41.96017,-87.93164,204.8,"CHICAGO OHARE INTERNATIONAL AIRPORT, IL US",76.2,24,63.1,24,1008.5,23,984.8,24,8.5,0,8.3,24,17.1,28.9,84.0, ,70.0, ,0.0,G,999.9,0,7,4,Summer,14.0,77.0,13.899999999999999,639.1,2024-07-05,14.0875,0
72530094846,2024-07-06,41.96017,-87.93164,204.8,"CHICAGO OHARE INTERNATIONAL AIRPORT, IL US",72.4,24,60.5,24,1011.8,21,988.1,24,10.0,0,5.9,24,8.9,999.9,82.9, ,64.0, ,0.0,G,999.9,0,7,5,Summer,18.900000000000006,73.45,12.950000000000003,433.355,2024-07-06,10.9575,0
72530094846,2024-07-07,41.96017,-87.93164,204.8,"CHICAGO OHARE INTERNATIONAL AIRPORT, IL US",74.0,24,61.0,24,1014.9,21,991.1,24,9.0,0,6.2,24,15.0,20.0,87.1, ,64.0, ,0.0,G,999.9,110010,7,6,Summer,23.099999999999994,75.55,14.549999999999997,468.40999999999997,2024-07-07,22.0,0
72530094846,2024-07-08,41.96017,-87.93164,204.8,"CHICAGO OHARE INTERNATIONAL AIRPORT, IL US",75.2,24,66.8,24,1013.9,24,989.9,24,9.9,0,6.5,24,11.1,17.1,87.1, ,66.0, ,1.07,G,999.9,10000,7,0,Summer,21.099999999999994,76.55,9.75,497.575,2024-07-08,17.325,0
72530094846,2024-07-09,41.96017,-87.93164,204.8,"CHICAGO OHARE INTERNATIONAL AIRPORT, IL US",76.8,24,66.7,24,1012.8,24,988.9,24,9.8,0,4.0,24,11.1,999.9,86.0, ,69.1, ,0.0,G,999.9,10000,7,1,Summer,16.900000000000006,77.55,10.849999999999994,310.2,2024-07-09,14.35,0
72530094846,2024-07-10,41.96017,-87.93164,204.8,"CHICAGO OHARE INTERNATIONAL AIRPORT, IL US",73.2,24,65.6,24,1010.4,24,986.6,24,8.6,0,7.3,24,11.1,15.0,84.0, ,66.0, ,0.61,G,999.9,10000,7,2,Summer,18.0,75.0,9.400000000000006,547.5,2024-07-10,17.3,0
72530094846,2024-07-11,41.96017,-87.93164,204.8,"CHICAGO OHARE INTERNATIONAL AIRPORT, IL US",72.6,24,63.5,24,1016.4,23,992.6,24,10.0,0,5.7,24,9.9,999.9,84.0, ,66.0, ,0.23,G,999.9,10000,7,3,Summer,18.0,75.0,11.5,427.5,2024-07-11,21.2,0
72530094846,2024-07-12,41.96017,-87.93164,204.8,"CHICAGO OHARE INTERNATIONAL AIRPORT, IL US",74.7,24,64.3,24,1018.8,24,994.7,24,10.0,0,5.8,24,8.9,999.9,86.0, ,64.0, ,0.0,G,999.9,0,7,4,Summer,22.0,75.0,10.700000000000003,435.0,2024-07-12,20.325,0
72530094846,2024-07-13,41.96017,-87.93164,204.8,"CHICAGO OHARE INTERNATIONAL AIRPORT, IL US",78.8,24,66.2,24,1019.4,23,995.4,24,9.8,0,5.1,24,15.0,26.0,91.0, ,64.0, ,0.0,G,999.9,10010,7,5,Summer,27.0,77.5,11.299999999999997,395.25,2024-07-13,21.8,0
72530094846,2024-07-14,41.96017,-87.93164,204.8,"CHICAGO OHARE INTERNATIONAL AIRPORT, IL US",75.7,24,68.1,24,1014.1,20,991.0,24,9.0,0,8.6,24,27.0,36.9,87.1,*,66.2,*,1.85,G,999.9,110010,7,6,Summer,20.89999999999999,76.65,8.550000000000011,659.19,2024-07-14,8.5925,0
72530094846,2024-07-15,41.96017,-87.93164,204.8,"CHICAGO OHARE INTERNATIONAL AIRPORT, IL US",78.9,24,70.9,24,1009.4,22,985.7,23,9.3,0,6.2,24,13.0,28.9,90.0, ,66.9, ,1.39,G,999.9,110010,7,0,Summer,23.099999999999994,78.45,7.549999999999997,486.39000000000004,2024-07-15,9.0325,0
72530094846,2024-07-16,41.96017,-87.93164,204.8,"CHICAGO OHARE INTERNATIONAL AIRPORT, IL US",77.4,24,70.7,24,1007.5,20,983.6,24,9.7,0,7.8,24,35.0,54.0,90.0, ,69.1, ,0.35,G,999.9,10010,7,1,Summer,20.900000000000006,79.55,8.849999999999994,620.49,2024-07-16,13.325,0
72530094846,2024-07-17,41.96017,-87.93164,204.8,"CHICAGO OHARE INTERNATIONAL AIRPORT, IL US",76.6,24,63.0,24,1012.4,24,988.8,24,9.8,0,8.0,24,13.0,24.1,84.9, ,69.1, ,0.0,G,999.9,0,7,2,Summer,15.800000000000011,77.0,14.0,616.0,2024-07-17,17.625,0
72530094846,2024-07-18,41.96017,-87.93164,204.8,"CHICAGO OHARE INTERNATIONAL AIRPORT, IL US",69.1,24,53.6,24,1020.3,24,996.3,24,10.0,0,9.9,24,15.9,21.0,82.0, ,61.0, ,0.0,G,999.9,0,7,3,Summer,21.0,71.5,17.9,707.85,2024-07-18,5.3025,0
72530094846,2024-07-19,41.96017,-87.93164,204.8,"CHICAGO OHARE INTERNATIONAL AIRPORT, IL US",69.5,24,53.8,24,1021.5,24,997.2,24,10.0,0,4.9,24,12.0,999.9,80.1, ,60.1, ,0.0,G,999.9,0,7,4,Summer,19.999999999999993,70.1,16.299999999999997,343.49,2024-07-19,11.2925,0
72530094846,2024-07-20,41.96017,-87.93164,204.8,"CHICAGO OHARE INTERNATIONAL AIRPORT, IL US",72.5,24,56.5,24,1019.4,24,995.3,23,10.0,0,4.0,24,9.9,999.9,81.0, ,60.1, ,0.0,G,999.9,0,7,5,Summer,20.9,70.55,14.049999999999997,282.2,2024-07-20,16.625,0
72530094846,2024-07-21,41.96017,-87.93164,204.8,"CHICAGO OHARE INTERNATIONAL AIRPORT, IL US",74.5,24,60.3,24,1018.7,24,994.6,24,10.0,0,3.1,24,8.0,999.9,84.0, ,63.0, ,0.0,G,999.9,0,7,6,Summer,21.0,73.5,13.200000000000003,227.85,2024-07-21,16.825,0
72530094846,2024-07-22,41.96017,-87.93164,204.8,"CHICAGO OHARE INTERNATIONAL AIRPORT, IL US",74.2,24,64.4,24,1016.7,24,992.9,24,10.0,0,4.5,24,8.9,999.9,84.0, ,64.9, ,0.0,G,999.9,0,7,0,Summer,19.099999999999994,74.45,10.049999999999997,335.02500000000003,2024-07-22,16.9,0
72530094846,2024-07-23,41.96017,-87.93164,204.8,"CHICAGO OHARE INTERNATIONAL AIRPORT, IL US",76.0,24,63.9,24,1015.1,24,991.2,24,9.7,0,5.6,24,13.0,25.1,84.9, ,64.9, ,0.0,G,999.9,10010,7,1,Summer,20.0,74.9,11.000000000000007,419.44,2024-07-23,29.4,0
72530094846,2024-07-24,41.96017,-87.93164,204.8,"CHICAGO OHARE INTERNATIONAL AIRPORT, IL US",71.7,24,65.1,24,1018.3,17,994.5,24,8.6,0,5.1,24,9.9,19.0,84.9, ,66.9, ,0.2,G,999.9,10110,7,2,Summer,18.0,75.9,10.800000000000011,387.09,2024-07-24,20.0,0
72530094846,2024-07-25,41.96017,-87.93164,204.8,"CHICAGO OHARE INTERNATIONAL AIRPORT, IL US",70.7,24,59.8,24,1022.8,22,998.6,24,10.0,0,6.3,24,12.0,999.9,78.1, ,62.1, ,0.0,G,999.9,0,7,3,Summer,15.999999999999993,70.1,10.299999999999997,441.62999999999994,2024-07-25,9.99,0
72530094846,2024-07-26,41.96017,-87.93164,204.8,"CHICAGO OHARE INTERNATIONAL AIRPORT, IL US",71.0,24,56.5,24,1022.2,24,997.8,24,10.0,0,5.1,24,9.9,999.9,81.0, ,61.0, ,0.0,G,999.9,0,7,4,Summer,20.0,71.0,14.5,362.09999999999997,2024-07-26,10.765,0
72530094846,2024-07-27,41.96017,-87.93164,204.8,"CHICAGO OHARE INTERNATIONAL AIRPORT, IL US",74.8,24,60.1,24,1019.0,24,994.8,24,10.0,0,5.3,24,9.9,15.9,84.9, ,61.0, ,0.0,G,999.9,0,7,5,Summer,23.900000000000006,72.95,12.850000000000001,386.635,2024-07-27,17.225,0
72530094846,2024-07-28,41.96017,-87.93164,204.8,"CHICAGO OHARE INTERNATIONAL AIRPORT, IL US",76.4,24,65.2,24,1015.6,22,991.5,24,9.5,0,6.8,24,13.0,15.9,84.9, ,66.0, ,0.0,G,999.9,10000,7,6,Summer,18.900000000000006,75.45,10.25,513.0600000000001,2024-07-28,16.075,0
72530094846,2024-07-29,41.96017,-87.93164,204.8,"CHICAGO OHARE INTERNATIONAL AIRPORT, IL US",76.3,24,70.7,24,1010.6,21,986.6,24,9.7,0,6.9,24,13.0,22.0,84.9, ,71.1, ,0.03,G,999.9,10000,7,0,Summer,13.800000000000011,78.0,7.299999999999997,538.2,2024-07-29,13.83,0
72530094846,2024-07-30,41.96017,-87.93164,204.8,"CHICAGO OHARE INTERNATIONAL AIRPORT, IL US",78.4,24,69.4,24,1009.5,24,985.8,24,10.0,0,3.4,24,8.9,999.9,90.0, ,70.0, ,0.11,G,999.9,0,7,1,Summer,20.0,80.0,10.599999999999994,272.0,2024-07-30,12.3425,0
72530094846,2024-07-31,41.96017,-87.93164,204.8,"CHICAGO OHARE INTERNATIONAL AIRPORT, IL US",81.0,24,69.0,24,1011.1,24,987.4,24,10.0,0,4.8,24,8.9,999.9,91.9, ,70.0, ,0.0,G,999.9,0,7,2,Summer,21.900000000000006,80.95,11.950000000000003,388.56,2024-07-31,12.175,0
72530094846,2024-08-01,41.96017,-87.93164,204.8,"CHICAGO OHARE INTERNATIONAL AIRPORT, IL US",80.7,24,71.0,24,1012.8,24,989.0,24,10.0,0,4.0,24,8.9,999.9,91.9, ,73.0, ,0.0,G,999.9,10000,8,3,Summer,18.900000000000006,82.45,11.450000000000003,329.8,2024-08-01,8.355,0
72530094846,2024-08-02,41.96017,-87.93164,204.8,"CHICAGO OHARE INTERNATIONAL AIRPORT, IL US",76.2,24,68.9,24,1012.4,17,988.5,24,9.5,0,8.1,24,22.9,28.9,88.0, ,69.1, ,0.51,G,999.9,10010,8,4,Summer,18.900000000000006,78.55,9.649999999999991,636.255,2024-08-02,19.275,0
72530094846,2024-08-03,41.96017,-87.93164,204.8,"CHICAGO OHARE INTERNATIONAL AIRPORT, IL US",80.5,24,68.2,24,1013.1,24,989.3,24,10.0,0,4.7,24,9.9,999.9,91.0, ,69.1, ,0.0,G,999.9,0,8,5,Summer,21.900000000000006,80.05,11.849999999999994,376.235,2024-08-03,24.225,0
72530094846,2024-08-04,41.96017,-87.93164,204.8,"CHICAGO OHARE INTERNATIONAL AIRPORT, IL US",80.4,24,64.3,24,1014.2,24,990.4,24,10.0,0,4.8,24,9.9,999.9,91.0, ,71.1, ,0.0,G,999.9,0,8,6,Summer,19.900000000000006,81.05,16.75,389.03999999999996,2024-08-04,15.475000000000001,0
72530094846,2024-08-05,41.96017,-87.93164,204.8,"CHICAGO OHARE INTERNATIONAL AIRPORT, IL US",81.2,24,70.2,24,1014.4,19,990.8,24,10.0,0,6.1,24,14.0,21.0,91.0, ,71.1, ,0.0,G,999.9,10010,8,0,Summer,19.900000000000006,81.05,10.849999999999994,494.405,2024-08-05,16.85,0
72530094846,2024-08-06,41.96017,-87.93164,204.8,"CHICAGO OHARE INTERNATIONAL AIRPORT, IL US",71.9,24,67.0,24,1013.6,21,989.5,24,9.7,0,10.6,24,18.1,27.0,75.9,*,66.9,*,0.34,G,999.9,10010,8,1,Summer,9.0,71.4,4.400000000000006,756.84,2024-08-06,9.305,0
72530094846,2024-08-07,41.96017,-87.93164,204.8,"CHICAGO OHARE INTERNATIONAL AIRPORT, IL US",72.0,24,58.2,24,1015.3,24,991.2,24,9.8,0,11.0,24,15.9,22.0,78.1, ,66.9, ,0.0,H,999.9,10000,8,2,Summer,11.199999999999989,72.5,14.299999999999997,797.5,2024-08-07,8.8475,0
72530094846,2024-08-08,41.96017,-87.93164,204.8,"CHICAGO OHARE INTERNATIONAL AIRPORT, IL US",71.9,24,59.8,24,1012.9,24,989.0,24,10.0,0,4.8,24,8.9,999.9,82.9, ,64.0, ,0.0,G,999.9,0,8,3,Summer,18.900000000000006,73.45,13.650000000000006,352.56,2024-08-08,11.625,0
72530094846,2024-08-09,41.96017,-87.93164,204.8,"CHICAGO OHARE INTERNATIONAL AIRPORT, IL US",69.3,24,54.8,24,1014.3,24,990.4,24,10.0,0,9.1,24,14.0,21.0,82.9, ,60.1, ,0.0,G,999.9,0,8,4,Summer,22.800000000000004,71.5,16.700000000000003,650.65,2024-08-09,5.08,0
72530094846,2024-08-10,41.96017,-87.93164,204.8,"CHICAGO OHARE INTERNATIONAL AIRPORT, IL US",65.1,24,50.9,24,1018.2,24,994.0,24,10.0,0,9.2,24,15.0,24.1,75.0, ,55.9, ,0.0,G,999.9,0,8,5,Summer,19.1,65.45,14.550000000000004,602.14,2024-08-10,5.5125,0
72530094846,2024-08-11,41.96017,-87.93164,204.8,"CHICAGO OHARE INTERNATIONAL AIRPORT, IL US",68.5,24,50.9,24,1018.7,24,994.5,24,10.0,0,7.2,24,14.0,21.0,80.1, ,55.9, ,0.0,G,999.9,0,8,6,Summer,24.199999999999996,68.0,17.1,489.6,2024-08-11,5.58,0
72530094846,2024-08-12,41.96017,-87.93164,204.8,"CHICAGO OHARE INTERNATIONAL AIRPORT, IL US",71.0,24,53.4,24,1018.9,24,994.8,23,10.0,0,4.4,24,7.0,999.9,82.0, ,61.0, ,0.0,G,999.9,0,8,0,Summer,21.0,71.5,18.1,314.6,2024-08-12,7.695,0
72530094846,2024-08-13,41.96017,-87.93164,204.8,"CHICAGO OHARE INTERNATIONAL AIRPORT, IL US",74.1,24,57.4,24,1019.2,24,995.1,24,10.0,0,4.4,24,8.9,999.9,86.0, ,61.0, ,0.0,G,999.9,0,8,1,Summer,25.0,73.5,16.1,323.40000000000003,2024-08-13,15.95,0
72530094846,2024-08-14,41.96017,-87.93164,204.8,"CHICAGO OHARE INTERNATIONAL AIRPORT, IL US",76.2,24,59.3,24,1019.6,24,995.5,24,9.9,0,4.1,24,12.0,19.0,86.0, ,64.0, ,0.0,G,999.9,0,8,2,Summer,22.0,75.0,15.700000000000003,307.5,2024-08-14,19.375,0
72530094846,2024-08-15,41.96017,-87.93164,204.8,"CHICAGO OHARE INTERNATIONAL AIRPORT, IL US",73.3,24,65.0,24,1015.2,22,991.0,24,9.2,0,8.9,24,14.0,22.9,86.0, ,66.0, ,0.04,G,999.9,10000,8,3,Summer,20.0,76.0,11.0,676.4,2024-08-15,21.7,0
72530094846,2024-08-16,41.96017,-87.93164,204.8,"CHICAGO OHARE INTERNATIONAL AIRPORT, IL US",75.4,24,68.3,24,1009.2,20,985.3,24,9.5,0,7.9,24,15.0,24.1,87.1, ,66.9, ,0.26,G,999.9,10010,8,4,Summer,20.19999999999999,77.0,8.700000000000003,608.3000000000001,2024-08-16,11.030000000000001,0
72530094846,2024-08-17,41.96017,-87.93164,204.8,"CHICAGO OHARE INTERNATIONAL AIRPORT, IL US",74.1,24,66.9,24,1007.4,24,983.7,24,10.0,0,7.7,24,18.1,31.1,87.1, ,66.9, ,0.17,G,999.9,10010,8,5,Summer,20.19999999999999,77.0,10.099999999999994,592.9,2024-08-17,8.8125,0
72530094846,2024-08-18,41.96017,-87.93164,204.8,"CHICAGO OHARE INTERNATIONAL AIRPORT, IL US",72.0,24,64.9,24,1011.7,19,988.0,24,9.8,0,9.4,24,17.1,22.0,84.0, ,68.0, ,0.17,G,999.9,10000,8,6,Summer,16.0,76.0,11.099999999999994,714.4,2024-08-18,16.575,0
72530094846,2024-08-19,41.96017,-87.93164,204.8,"CHICAGO OHARE INTERNATIONAL AIRPORT, IL US",70.8,24,58.6,24,1018.1,24,993.9,24,10.0,0,11.9,24,18.1,25.1,80.1, ,63.0, ,0.01,G,999.9,0,8,0,Summer,17.099999999999994,71.55,12.949999999999996,851.4449999999999,2024-08-19,22.525,0
72530094846,2024-08-20,41.96017,-87.93164,204.8,"CHICAGO OHARE INTERNATIONAL AIRPORT, IL US",67.0,24,52.7,24,1022.9,24,998.6,24,10.0,0,8.3,24,12.0,18.1,77.0, ,59.0, ,0.0,G,999.9,0,8,1,Summer,18.0,68.0,15.299999999999997,564.4000000000001,2024-08-20,7.8125,0
72530094846,2024-08-21,41.96017,-87.93164,204.8,"CHICAGO OHARE INTERNATIONAL AIRPORT, IL US",65.2,24,52.0,24,1024.8,24,0.3,24,10.0,0,5.0,24,11.1,999.9,75.9, ,55.9, ,0.0,G,999.9,0,8,2,Summer,20.000000000000007,65.9,13.900000000000006,329.5,2024-08-21,6.906000000000001,0
72530094846,2024-08-22,41.96017,-87.93164,204.8,"CHICAGO OHARE INTERNATIONAL AIRPORT, IL US",66.3,24,49.7,24,1024.3,24,999.9,24,10.0,0,3.0,24,8.0,999.9,80.1, ,55.0, ,0.0,G,999.9,0,8,3,Summer,25.099999999999994,67.55,17.849999999999994,202.64999999999998,2024-08-22,12.669999999999998,0
72530094846,2024-08-23,41.96017,-87.93164,204.8,"CHICAGO OHARE INTERNATIONAL AIRPORT, IL US",70.5,24,53.7,24,1023.0,24,998.7,24,10.0,0,4.0,24,8.9,999.9,82.0, ,55.0, ,0.0,G,999.9,0,8,4,Summer,27.0,68.5,14.799999999999997,274.0,2024-08-23,17.580000000000002,0
72530094846,2024-08-24,41.96017,-87.93164,204.8,"CHICAGO OHARE INTERNATIONAL AIRPORT, IL US",76.2,24,60.7,24,1020.8,24,996.6,24,10.0,0,3.7,24,8.9,999.9,91.0, ,59.0, ,0.0,G,999.9,0,8,5,Summer,32.0,75.0,14.299999999999997,277.5,2024-08-24,26.82,0
72530094846,2024-08-25,41.96017,-87.93164,204.8,"CHICAGO OHARE INTERNATIONAL AIRPORT, IL US",81.9,24,67.3,24,1019.7,24,995.8,24,10.0,0,7.0,24,15.0,22.9,93.0, ,64.0, ,0.0,G,999.9,0,8,6,Summer,29.0,78.5,11.200000000000003,549.5,2024-08-25,22.72,0
72530094846,2024-08-26,41.96017,-87.93164,204.8,"CHICAGO OHARE INTERNATIONAL AIRPORT, IL US",85.8,24,66.8,24,1018.1,24,994.2,24,10.0,0,8.9,24,13.0,22.0,96.1, ,73.9, ,0.0,G,999.9,0,8,0,Summer,22.19999999999999,85.0,18.200000000000003,756.5,2024-08-26,23.78,0
72530094846,2024-08-27,41.96017,-87.93164,204.8,"CHICAGO OHARE INTERNATIONAL AIRPORT, IL US",87.7,24,73.5,24,1014.8,24,991.2,24,10.0,0,6.9,24,31.1,39.0,99.0, ,78.1, ,0.0,G,999.9,10010,8,1,Summer,20.900000000000006,88.55,15.049999999999997,610.995,2024-08-27,24.48,0
72530094846,2024-08-28,41.96017,-87.93164,204.8,"CHICAGO OHARE INTERNATIONAL AIRPORT, IL US",76.9,24,69.9,24,1017.4,21,993.3,24,9.3,0,7.9,24,22.0,46.0,99.0, ,71.1, ,0.82,G,999.9,10010,8,2,Summer,27.900000000000006,85.05,15.149999999999991,671.895,2024-08-28,7.264,0
72530094846,2024-08-29,41.96017,-87.93164,204.8,"CHICAGO OHARE INTERNATIONAL AIRPORT, IL US",76.1,24,68.6,24,1020.1,22,995.9,24,10.0,0,7.6,24,11.1,999.9,88.0, ,71.1, ,0.18,G,999.9,0,8,3,Summer,16.900000000000006,79.55,10.950000000000003,604.5799999999999,2024-08-29,11.506,0
72530094846,2024-08-30,41.96017,-87.93164,204.8,"CHICAGO OHARE INTERNATIONAL AIRPORT, IL US",77.2,24,70.4,24,1016.2,22,992.3,24,9.8,0,6.3,24,19.0,27.0,88.0, ,70.0, ,0.18,G,999.9,10010,8,4,Summer,18.0,79.0,8.599999999999994,497.7,2024-08-30,7.438,0
72530094846,2024-08-31,41.96017,-87.93164,204.8,"CHICAGO OHARE INTERNATIONAL AIRPORT, IL US",73.8,24,60.0,24,1017.0,24,992.9,24,10.0,0,4.8,24,9.9,999.9,84.0, ,62.1, ,0.1,G,999.9,0,8,5,Summer,21.9,73.05,13.049999999999997,350.64,2024-08-31,5.973999999999999,0
72530094846,2024-09-01,41.96017,-87.93164,204.8,"CHICAGO OHARE INTERNATIONAL AIRPORT, IL US",72.1,24,58.7,24,1015.8,24,992.1,24,10.0,0,9.3,24,15.0,24.1,84.0, ,62.1, ,0.0,G,999.9,0,9,6,Fall,21.9,73.05,14.349999999999994,679.365,2024-09-01,11.9,0
72530094846,2024-09-02,41.96017,-87.93164,204.8,"CHICAGO OHARE INTERNATIONAL AIRPORT, IL US",66.4,24,52.3,24,1024.3,24,0.1,24,10.0,0,6.1,24,15.0,15.9,75.9, ,57.9, ,0.0,G,999.9,0,9,0,Fall,18.000000000000007,66.9,14.600000000000009,408.09000000000003,2024-09-02,9.222,0
72530094846,2024-09-03,41.96017,-87.93164,204.8,"CHICAGO OHARE INTERNATIONAL AIRPORT, IL US",67.0,24,49.8,24,1026.1,24,1.6,24,10.0,0,4.5,24,8.9,999.9,78.1, ,57.9, ,0.0,G,999.9,0,9,1,Fall,20.199999999999996,68.0,18.200000000000003,306.0,2024-09-03,7.953999999999999,0
72530094846,2024-09-04,41.96017,-87.93164,204.8,"CHICAGO OHARE INTERNATIONAL AIRPORT, IL US",70.0,24,49.7,24,1024.4,24,0.0,24,10.0,0,4.9,24,9.9,999.9,84.0, ,57.9, ,0.0,G,999.9,0,9,2,Fall,26.1,70.95,21.25,347.65500000000003,2024-09-04,7.662000000000001,0
72530094846,2024-09-05,41.96017,-87.93164,204.8,"CHICAGO OHARE INTERNATIONAL AIRPORT, IL US",75.1,24,58.8,24,1020.3,24,996.0,24,10.0,0,4.9,24,13.0,19.0,87.1, ,57.9, ,0.0,G,999.9,0,9,3,Fall,29.199999999999996,72.5,13.700000000000003,355.25,2024-09-05,13.030000000000001,0
72530094846,2024-09-06,41.96017,-87.93164,204.8,"CHICAGO OHARE INTERNATIONAL AIRPORT, IL US",68.2,24,57.9,24,1018.6,23,994.7,24,10.0,0,8.7,24,14.0,19.0,87.1, ,61.0, ,0.04,G,999.9,0,9,4,Fall,26.099999999999994,74.05,16.15,644.2349999999999,2024-09-06,2.0265999999999997,0
72530094846,2024-09-07,41.96017,-87.93164,204.8,"CHICAGO OHARE INTERNATIONAL AIRPORT, IL US",57.9,24,42.7,24,1022.1,24,997.7,24,10.0,0,10.2,24,15.0,21.0,70.0, ,48.0, ,0.0,G,999.9,0,9,5,Fall,22.0,59.0,16.299999999999997,601.8,2024-09-07,5.5200000000000005,0
72530094846,2024-09-08,41.96017,-87.93164,204.8,"CHICAGO OHARE INTERNATIONAL AIRPORT, IL US",59.0,24,44.1,24,1021.6,24,997.0,24,10.0,0,5.8,24,11.1,20.0,72.0, ,48.0, ,0.0,G,999.9,0,9,6,Fall,24.0,60.0,15.899999999999999,348.0,2024-09-08,9.744,0
72530094846,2024-09-09,41.96017,-87.93164,204.8,"CHICAGO OHARE INTERNATIONAL AIRPORT, IL US",67.3,24,49.3,24,1019.6,24,995.4,24,10.0,0,8.2,24,12.0,19.0,81.0, ,48.9, ,0.0,G,999.9,0,9,0,Fall,32.1,64.95,15.650000000000006,532.59,2024-09-09,6.62,0
72530094846,2024-09-10,41.96017,-87.93164,204.8,"CHICAGO OHARE INTERNATIONAL AIRPORT, IL US",69.9,24,49.9,24,1019.3,24,995.1,24,10.0,0,4.9,24,11.1,15.9,82.0, ,57.0, ,0.0,G,999.9,0,9,1,Fall,25.0,69.5,19.6,340.55,2024-09-10,5.784000000000001,0
72530094846,2024-09-11,41.96017,-87.93164,204.8,"CHICAGO OHARE INTERNATIONAL AIRPORT, IL US",72.7,24,49.6,24,1017.7,24,993.6,24,10.0,0,3.5,24,6.0,999.9,87.1, ,57.9, ,0.0,G,999.9,0,9,2,Fall,29.199999999999996,72.5,22.9,253.75,2024-09-11,7.891999999999999,0
72530094846,2024-09-12,41.96017,-87.93164,204.8,"CHICAGO OHARE INTERNATIONAL AIRPORT, IL US",75.2,24,55.8,24,1017.4,24,993.4,24,10.0,0,4.7,24,13.0,20.0,87.1, ,59.0, ,0.0,G,999.9,0,9,3,Fall,28.099999999999994,73.05,17.25,343.335,2024-09-12,16.44,0
72530094846,2024-09-13,41.96017,-87.93164,204.8,"CHICAGO OHARE INTERNATIONAL AIRPORT, IL US",76.0,24,59.5,24,1017.5,24,993.5,24,10.0,0,7.9,24,14.0,21.0,87.1, ,63.0, ,0.0,G,999.9,0,9,4,Fall,24.099999999999994,75.05,15.549999999999997,592.895,2024-09-13,19.3,0
72530094846,2024-09-14,41.96017,-87.93164,204.8,"CHICAGO OHARE INTERNATIONAL AIRPORT, IL US",77.0,24,61.6,24,1018.5,24,994.6,24,10.0,0,4.9,24,8.9,999.9,88.0, ,66.0, ,0.0,G,999.9,0,9,5,Fall,22.0,77.0,15.399999999999999,377.3,2024-09-14,15.0,0
72530094846,2024-09-15,41.96017,-87.93164,204.8,"CHICAGO OHARE INTERNATIONAL AIRPORT, IL US",77.3,24,61.4,24,1019.6,24,995.6,24,10.0,0,5.0,24,11.1,15.0,90.0, ,66.9, ,0.0,G,999.9,0,9,6,Fall,23.099999999999994,78.45,17.050000000000004,392.25,2024-09-15,13.84,0
72530094846,2024-09-16,41.96017,-87.93164,204.8,"CHICAGO OHARE INTERNATIONAL AIRPORT, IL US",76.6,24,56.1,24,1020.2,24,996.1,24,10.0,0,5.5,24,14.0,999.9,90.0, ,64.9, ,0.0,G,999.9,0,9,0,Fall,25.099999999999994,77.45,21.35,425.975,2024-09-16,13.6,0
72530094846,2024-09-17,41.96017,-87.93164,204.8,"CHICAGO OHARE INTERNATIONAL AIRPORT, IL US",74.2,24,52.8,24,1018.7,24,994.6,24,10.0,0,4.2,24,12.0,17.1,90.0, ,62.1, ,0.0,G,999.9,0,9,1,Fall,27.9,76.05,23.25,319.41,2024-09-17,19.04,0
72530094846,2024-09-18,41.96017,-87.93164,204.8,"CHICAGO OHARE INTERNATIONAL AIRPORT, IL US",72.5,24,56.4,24,1015.4,24,991.3,24,9.6,0,3.5,24,12.0,999.9,88.0, ,61.0, ,0.0,G,999.9,0,9,2,Fall,27.0,74.5,18.1,260.75,2024-09-18,18.0,0
72530094846,2024-09-19,41.96017,-87.93164,204.8,"CHICAGO OHARE INTERNATIONAL AIRPORT, IL US",75.3,24,55.3,24,1013.2,24,989.1,24,10.0,0,3.6,24,9.9,999.9,89.1, ,61.0, ,0.0,G,999.9,0,9,3,Fall,28.099999999999994,75.05,19.75,270.18,2024-09-19,18.28333333333333,0
72530094846,2024-09-20,41.96017,-87.93164,204.8,"CHICAGO OHARE INTERNATIONAL AIRPORT, IL US",78.8,24,58.6,24,1009.0,24,985.4,24,10.0,0,7.7,24,12.0,18.1,91.0, ,62.1, ,0.02,G,999.9,10010,9,4,Fall,28.9,76.55,17.949999999999996,589.435,2024-09-20,17.516666666666666,0
72530094846,2024-09-21,41.96017,-87.93164,204.8,"CHICAGO OHARE INTERNATIONAL AIRPORT, IL US",77.4,24,53.6,24,1011.5,24,987.7,24,10.0,0,3.7,24,8.9,14.0,91.9, ,63.0, ,0.0,I,999.9,0,9,5,Fall,28.900000000000006,77.45,23.85,286.565,2024-09-21,13.115,0
72530094846,2024-09-22,41.96017,-87.93164,204.8,"CHICAGO OHARE INTERNATIONAL AIRPORT, IL US",73.7,24,61.2,24,1010.6,18,986.9,24,8.4,0,5.3,24,13.0,19.0,91.9, ,63.0, ,0.0,G,999.9,10000,9,6,Fall,28.900000000000006,77.45,16.25,410.485,2024-09-22,9.931666666666667,0
72530094846,2024-09-23,41.96017,-87.93164,204.8,"CHICAGO OHARE INTERNATIONAL AIRPORT, IL US",64.6,24,55.5,24,1014.3,22,990.2,24,10.0,0,10.1,24,19.0,999.9,78.1, ,60.1, ,0.8,G,999.9,10000,9,0,Fall,17.999999999999993,69.1,13.599999999999994,697.91,2024-09-23,2.8183333333333334,0
72530094846,2024-09-24,41.96017,-87.93164,204.8,"CHICAGO OHARE INTERNATIONAL AIRPORT, IL US",64.4,24,61.4,24,1009.0,13,984.9,24,5.4,0,4.8,24,12.0,999.9,66.9, ,61.0, ,0.04,G,999.9,10000,9,1,Fall,5.900000000000006,63.95,2.5500000000000043,306.96,2024-09-24,13.094999999999999,0
72530094846,2024-09-25,41.96017,-87.93164,204.8,"CHICAGO OHARE INTERNATIONAL AIRPORT, IL US",65.5,24,55.2,24,1011.9,21,987.3,24,10.0,0,5.4,24,9.9,999.9,77.0, ,57.0, ,0.41,G,999.9,0,9,2,Fall,20.0,67.0,11.799999999999997,361.8,2024-09-25,7.7749999999999995,0
72530094846,2024-09-26,41.96017,-87.93164,204.8,"CHICAGO OHARE INTERNATIONAL AIRPORT, IL US",66.5,24,53.9,24,1016.0,24,991.8,22,10.0,0,4.5,24,12.0,17.1,77.0, ,57.0, ,0.0,G,999.9,0,9,3,Fall,20.0,67.0,13.100000000000001,301.5,2024-09-26,10.648333333333333,0
72530094846,2024-09-27,41.96017,-87.93164,204.8,"CHICAGO OHARE INTERNATIONAL AIRPORT, IL US",68.6,24,57.3,24,1012.2,24,988.0,24,10.0,0,13.9,24,27.0,34.0,77.0, ,57.0, ,0.0,G,999.9,0,9,4,Fall,20.0,67.0,9.700000000000003,931.3000000000001,2024-09-27,5.823333333333333,0
72530094846,2024-09-28,41.96017,-87.93164,204.8,"CHICAGO OHARE INTERNATIONAL AIRPORT, IL US",68.9,24,59.6,24,1009.3,23,985.5,24,9.7,0,17.8,24,26.0,34.0,72.0, ,64.9, ,0.0,G,999.9,10000,9,5,Fall,7.099999999999994,68.45,8.850000000000001,1218.41,2024-09-28,8.065,0
72530094846,2024-09-29,41.96017,-87.93164,204.8,"CHICAGO OHARE INTERNATIONAL AIRPORT, IL US",70.0,24,62.3,24,1014.2,23,990.3,23,9.8,0,12.5,24,17.1,22.0,73.9, ,64.9, ,0.0,G,999.9,10000,9,6,Fall,9.0,69.4,7.1000000000000085,867.5000000000001,2024-09-29,7.453333333333333,0
72530094846,2024-09-30,41.96017,-87.93164,204.8,"CHICAGO OHARE INTERNATIONAL AIRPORT, IL US",70.9,24,61.7,24,1015.1,24,991.0,24,10.0,0,6.5,24,12.0,999.9,79.0, ,63.0, ,0.01,G,999.9,0,9,0,Fall,16.0,71.0,9.299999999999997,461.5,2024-09-30,9.735000000000001,0
72530094846,2024-10-01,41.96017,-87.93164,204.8,"CHICAGO OHARE INTERNATIONAL AIRPORT, IL US",66.6,24,52.4,24,1016.0,24,992.1,24,10.0,0,9.0,24,17.1,26.0,79.0, ,61.0, ,0.0,G,999.9,0,10,1,Fall,18.0,70.0,17.6,630.0,2024-10-01,7.961666666666667,0
72530094846,2024-10-02,41.96017,-87.93164,204.8,"CHICAGO OHARE INTERNATIONAL AIRPORT, IL US",59.4,24,36.6,24,1018.3,24,993.7,24,10.0,0,5.5,24,13.0,18.1,72.0, ,48.0, ,0.0,G,999.9,0,10,2,Fall,24.0,60.0,23.4,330.0,2024-10-02,5.901666666666666,0
72530094846,2024-10-03,41.96017,-87.93164,204.8,"CHICAGO OHARE INTERNATIONAL AIRPORT, IL US",63.9,24,41.8,24,1015.7,24,991.6,24,10.0,0,5.5,24,12.0,999.9,80.1, ,48.9, ,0.0,G,999.9,0,10,3,Fall,31.199999999999996,64.5,22.700000000000003,354.75,2024-10-03,8.33,0
72530094846,2024-10-04,41.96017,-87.93164,204.8,"CHICAGO OHARE INTERNATIONAL AIRPORT, IL US",63.9,24,53.5,24,1022.2,24,998.0,24,10.0,0,8.1,24,15.0,22.0,80.1, ,54.0, ,0.01,G,999.9,10000,10,4,Fall,26.099999999999994,67.05,13.549999999999997,543.1049999999999,2024-10-04,4.431666666666667,0
72530094846,2024-10-05,41.96017,-87.93164,204.8,"CHICAGO OHARE INTERNATIONAL AIRPORT, IL US",66.7,24,52.0,24,1021.2,24,996.4,24,10.0,0,9.0,24,17.1,27.0,84.9, ,57.9, ,0.0,I,999.9,0,10,5,Fall,27.000000000000007,71.4,19.400000000000006,642.6,2024-10-05,10.825000000000001,0
72530094846,2024-10-06,41.96017,-87.93164,204.8,"CHICAGO OHARE INTERNATIONAL AIRPORT, IL US",71.9,24,48.5,24,1012.3,24,988.7,24,10.0,0,12.8,24,18.1,28.9,84.9, ,57.9, ,0.0,G,999.9,0,10,6,Fall,27.000000000000007,71.4,22.900000000000006,913.9200000000001,2024-10-06,10.846666666666666,0
72530094846,2024-10-07,41.96017,-87.93164,204.8,"CHICAGO OHARE INTERNATIONAL AIRPORT, IL US",58.1,24,35.5,24,1019.3,24,994.8,24,10.0,0,6.5,24,9.9,15.9,75.0, ,48.0, ,0.0,G,999.9,0,10,0,Fall,27.0,61.5,26.0,399.75,2024-10-07,4.318333333333333,0
72530094846,2024-10-08,41.96017,-87.93164,204.8,"CHICAGO OHARE INTERNATIONAL AIRPORT, IL US",59.4,24,35.8,24,1017.3,24,992.7,23,10.0,0,6.1,24,13.0,15.0,73.9, ,48.0, ,0.0,G,999.9,0,10,1,Fall,25.900000000000006,60.95,25.150000000000006,371.795,2024-10-08,6.101666666666667,0
72530094846,2024-10-09,41.96017,-87.93164,204.8,"CHICAGO OHARE INTERNATIONAL AIRPORT, IL US",60.2,24,47.2,24,1017.6,24,993.4,24,10.0,0,4.9,24,12.0,17.1,73.9, ,50.0, ,0.0,G,999.9,0,10,2,Fall,23.900000000000006,61.95,14.75,303.55500000000006,2024-10-09,7.478333333333333,0
72530094846,2024-10-10,41.96017,-87.93164,204.8,"CHICAGO OHARE INTERNATIONAL AIRPORT, IL US",61.7,24,43.5,24,1021.3,24,996.9,24,10.0,0,5.5,24,12.0,999.9,73.0, ,51.1, ,0.0,G,999.9,0,10,3,Fall,21.9,62.05,18.549999999999997,341.275,2024-10-10,6.036666666666666,0
72530094846,2024-10-11,41.96017,-87.93164,204.8,"CHICAGO OHARE INTERNATIONAL AIRPORT, IL US",65.4,24,45.2,24,1019.6,24,995.2,24,10.0,0,6.3,24,13.0,22.0,82.9, ,53.1, ,0.0,G,999.9,0,10,4,Fall,29.800000000000004,68.0,22.799999999999997,428.4,2024-10-11,12.966666666666667,0
72530094846,2024-10-12,41.96017,-87.93164,204.8,"CHICAGO OHARE INTERNATIONAL AIRPORT, IL US",66.2,24,50.9,24,1016.0,24,991.8,24,10.0,0,11.0,24,22.0,28.9,82.9, ,55.0, ,0.0,G,999.9,0,10,5,Fall,27.900000000000006,68.95,18.050000000000004,758.45,2024-10-12,7.958333333333333,0
72530094846,2024-10-13,41.96017,-87.93164,204.8,"CHICAGO OHARE INTERNATIONAL AIRPORT, IL US",60.1,24,49.8,24,1009.9,22,985.8,24,10.0,0,10.8,24,22.0,35.0,68.0, ,55.9, ,0.0,G,999.9,10010,10,6,Fall,12.100000000000001,61.95,12.150000000000006,669.0600000000001,2024-10-13,4.011666666666667,0
72530094846,2024-10-14,41.96017,-87.93164,204.8,"CHICAGO OHARE INTERNATIONAL AIRPORT, IL US",51.4,24,37.5,24,1016.7,23,992.3,24,9.9,0,12.9,24,22.0,34.0,66.9, ,45.0, ,0.02,G,999.9,10000,10,0,Fall,21.900000000000006,55.95,18.450000000000003,721.7550000000001,2024-10-14,1.5671666666666668,0
72530094846,2024-10-15,41.96017,-87.93164,204.8,"CHICAGO OHARE INTERNATIONAL AIRPORT, IL US",45.0,24,37.6,24,1022.1,21,997.1,24,9.2,0,11.3,24,21.0,28.0,57.0, ,41.0, ,0.13,G,999.9,10000,10,1,Fall,16.0,49.0,11.399999999999999,553.7,2024-10-15,1.3055,0
72530094846,2024-10-16,41.96017,-87.93164,204.8,"CHICAGO OHARE INTERNATIONAL AIRPORT, IL US",46.1,24,30.2,24,1028.7,24,3.6,24,10.0,0,7.1,24,13.0,999.9,57.9, ,37.0, ,0.14,G,999.9,0,10,2,Fall,20.9,47.45,17.250000000000004,336.895,2024-10-16,3.3633333333333333,0
72530094846,2024-10-17,41.96017,-87.93164,204.8,"CHICAGO OHARE INTERNATIONAL AIRPORT, IL US",49.4,24,29.9,24,1026.6,24,1.6,24,10.0,0,5.3,24,11.1,17.1,64.0, ,37.0, ,0.0,G,999.9,0,10,3,Fall,27.0,50.5,20.6,267.65,2024-10-17,7.896666666666666,0
72530094846,2024-10-18,41.96017,-87.93164,204.8,"CHICAGO OHARE INTERNATIONAL AIRPORT, IL US",54.7,24,32.3,24,1028.2,24,3.6,24,10.0,0,6.3,24,13.0,18.1,69.1, ,37.9, ,0.0,G,999.9,0,10,4,Fall,31.199999999999996,53.5,21.200000000000003,337.05,2024-10-18,8.638333333333334,0
72530094846,2024-10-19,41.96017,-87.93164,204.8,"CHICAGO OHARE INTERNATIONAL AIRPORT, IL US",57.8,24,37.7,24,1030.9,24,6.0,24,10.0,0,5.0,24,8.9,999.9,71.1, ,42.1, ,0.0,G,999.9,0,10,5,Fall,28.999999999999993,56.599999999999994,18.89999999999999,283.0,2024-10-19,17.516666666666666,0
72530094846,2024-10-20,41.96017,-87.93164,204.8,"CHICAGO OHARE INTERNATIONAL AIRPORT, IL US",62.1,24,39.2,24,1026.7,24,2.0,24,10.0,0,7.3,24,12.0,19.0,79.0, ,45.0, ,0.0,G,999.9,0,10,6,Fall,34.0,62.0,22.799999999999997,452.59999999999997,2024-10-20,25.883333333333336,0
72530094846,2024-10-21,41.96017,-87.93164,204.8,"CHICAGO OHARE INTERNATIONAL AIRPORT, IL US",66.9,24,40.3,24,1022.6,24,998.2,24,10.0,0,7.2,24,11.1,18.1,81.0, ,51.1, ,0.0,G,999.9,0,10,0,Fall,29.9,66.05,25.75,475.56,2024-10-21,18.516666666666666,0
72530094846,2024-10-22,41.96017,-87.93164,204.8,"CHICAGO OHARE INTERNATIONAL AIRPORT, IL US",65.1,24,42.0,24,1017.5,24,993.0,24,10.0,0,8.1,24,15.9,27.0,81.0, ,54.0, ,0.0,G,999.9,10000,10,1,Fall,27.0,67.5,25.5,546.75,2024-10-22,26.633333333333336,0
72530094846,2024-10-23,41.96017,-87.93164,204.8,"CHICAGO OHARE INTERNATIONAL AIRPORT, IL US",62.3,24,43.8,24,1015.2,24,991.4,24,10.0,0,8.7,24,12.0,20.0,73.0, ,55.0, ,0.01,G,999.9,0,10,2,Fall,18.0,64.0,20.200000000000003,556.8,2024-10-23,9.701666666666666,0
72530094846,2024-10-24,41.96017,-87.93164,204.8,"CHICAGO OHARE INTERNATIONAL AIRPORT, IL US",51.9,24,35.1,24,1021.2,24,996.4,24,10.0,0,4.5,24,11.1,15.9,64.9, ,39.9, ,0.0,G,999.9,0,10,3,Fall,25.000000000000007,52.400000000000006,17.300000000000004,235.8,2024-10-24,8.799999999999999,0
72530094846,2024-10-25,41.96017,-87.93164,204.8,"CHICAGO OHARE INTERNATIONAL AIRPORT, IL US",56.3,24,44.2,24,1017.8,20,992.8,24,9.1,0,7.2,24,12.0,19.0,66.9, ,39.9, ,0.83,G,999.9,10010,10,4,Fall,27.000000000000007,53.400000000000006,9.200000000000003,384.4800000000001,2024-10-25,10.371666666666668,0
72530094846,2024-10-26,41.96017,-87.93164,204.8,"CHICAGO OHARE INTERNATIONAL AIRPORT, IL US",51.4,24,32.8,24,1029.1,24,4.4,24,10.0,0,7.1,24,9.9,999.9,66.9, ,43.0, ,0.01,G,999.9,0,10,5,Fall,23.900000000000006,54.95,22.150000000000006,390.145,2024-10-26,10.835,0
72530094846,2024-10-27,41.96017,-87.93164,204.8,"CHICAGO OHARE INTERNATIONAL AIRPORT, IL US",47.8,24,33.6,24,1028.9,24,3.7,24,10.0,0,3.1,24,8.0,999.9,59.0, ,37.0, ,0.0,G,999.9,0,10,6,Fall,22.0,48.0,14.399999999999999,148.8,2024-10-27,22.583333333333332,0
72530094846,2024-10-28,41.96017,-87.93164,204.8,"CHICAGO OHARE INTERNATIONAL AIRPORT, IL US",52.3,24,33.3,24,1021.1,24,996.0,24,10.0,0,7.1,24,12.0,20.0,66.9, ,37.0, ,0.0,G,999.9,0,10,0,Fall,29.900000000000006,51.95,18.650000000000006,368.845,2024-10-28,11.628333333333332,0
72530094846,2024-10-29,41.96017,-87.93164,204.8,"CHICAGO OHARE INTERNATIONAL AIRPORT, IL US",71.3,24,54.1,24,1012.0,24,987.9,24,10.0,0,13.8,24,20.0,34.0,82.0,*,64.0,*,0.0,G,999.9,0,10,1,Fall,18.0,73.0,18.9,1007.4000000000001,2024-10-29,23.28333333333333,0
72530094846,2024-10-30,41.96017,-87.93164,204.8,"CHICAGO OHARE INTERNATIONAL AIRPORT, IL US",73.5,24,56.4,24,1014.1,24,990.1,24,10.0,0,16.2,24,20.0,34.0,82.0, ,66.0, ,0.0,G,999.9,0,10,2,Fall,16.0,74.0,17.6,1198.8,2024-10-30,26.400000000000002,0
72530094846,2024-10-31,41.96017,-87.93164,204.8,"CHICAGO OHARE INTERNATIONAL AIRPORT, IL US",65.7,24,53.9,24,1009.0,20,985.3,24,10.0,0,14.5,24,22.9,41.0,80.1, ,48.0, ,0.0,G,999.9,10000,10,3,Fall,32.099999999999994,64.05,10.149999999999999,928.7249999999999,2024-10-31,4.993333333333333,0
72530094846,2024-11-01,41.96017,-87.93164,204.8,"CHICAGO OHARE INTERNATIONAL AIRPORT, IL US",45.6,24,32.5,24,1021.8,24,997.4,24,10.0,0,9.8,24,25.1,41.0,53.1,*,39.0,*,0.03,G,999.9,0,11,4,Fall,14.100000000000001,46.05,13.549999999999997,451.29,2024-11-01,6.138333333333333,0
72530094846,2024-11-02,41.96017,-87.93164,204.8,"CHICAGO OHARE INTERNATIONAL AIRPORT, IL US",46.1,24,36.2,24,1028.2,24,3.2,24,10.0,0,4.6,24,8.9,999.9,59.0, ,37.9, ,0.0,G,999.9,0,11,5,Fall,21.1,48.45,12.25,222.87,2024-11-02,19.233333333333334,0
72530094846,2024-11-03,41.96017,-87.93164,204.8,"CHICAGO OHARE INTERNATIONAL AIRPORT, IL US",53.2,24,38.8,24,1021.2,24,996.1,24,10.0,0,8.5,24,14.0,21.0,62.1, ,37.9, ,0.0,G,999.9,10000,11,6,Fall,24.200000000000003,50.0,11.200000000000003,425.0,2024-11-03,12.450000000000001,0
72530094846,2024-11-04,41.96017,-87.93164,204.8,"CHICAGO OHARE INTERNATIONAL AIRPORT, IL US",64.8,24,59.2,24,1011.4,20,987.0,24,9.5,0,10.8,24,17.1,28.0,68.0, ,48.9, ,0.3,G,999.9,10000,11,0,Fall,19.1,58.45,-0.75,631.2600000000001,2024-11-04,9.39,0
72530094846,2024-11-05,41.96017,-87.93164,204.8,"CHICAGO OHARE INTERNATIONAL AIRPORT, IL US",64.8,24,62.1,24,1006.4,19,982.6,24,7.9,0,12.2,24,21.0,33.0,66.9,*,62.6,*,1.01,G,999.9,10000,11,1,Fall,4.300000000000004,64.75,2.6499999999999986,789.9499999999999,2024-11-05,6.156666666666666,0
72530094846,2024-11-06,41.96017,-87.93164,204.8,"CHICAGO OHARE INTERNATIONAL AIRPORT, IL US",55.2,24,49.7,24,1014.3,19,989.4,24,10.0,0,7.6,24,12.0,18.1,66.9, ,50.0, ,0.57,G,999.9,10000,11,2,Fall,16.900000000000006,58.45,8.75,444.22,2024-11-06,4.446666666666666,0
72530094846,2024-11-07,41.96017,-87.93164,204.8,"CHICAGO OHARE INTERNATIONAL AIRPORT, IL US",51.0,24,39.6,24,1025.6,22,0.6,24,10.0,0,5.6,24,9.9,999.9,60.1, ,44.1, ,0.0,G,999.9,0,11,3,Fall,16.0,52.1,12.5,291.76,2024-11-07,7.541666666666667,0
72530094846,2024-11-08,41.96017,-87.93164,204.8,"CHICAGO OHARE INTERNATIONAL AIRPORT, IL US",51.3,24,38.6,24,1024.3,24,999.7,24,10.0,0,6.6,24,11.1,17.1,62.1, ,44.1, ,0.0,G,999.9,0,11,4,Fall,18.0,53.1,14.5,350.46,2024-11-08,13.299999999999999,0
72530094846,2024-11-09,41.96017,-87.93164,204.8,"CHICAGO OHARE INTERNATIONAL AIRPORT, IL US",50.9,24,41.3,24,1024.3,24,999.3,24,10.0,0,7.9,24,11.1,19.0,62.1, ,44.1, ,0.0,G,999.9,10000,11,5,Fall,18.0,53.1,11.800000000000004,419.49,2024-11-09,15.5,0
72530094846,2024-11-10,41.96017,-87.93164,204.8,"CHICAGO OHARE INTERNATIONAL AIRPORT, IL US",53.3,24,47.8,24,1012.0,14,987.3,24,7.3,0,8.5,24,20.0,35.0,63.0, ,46.0, ,0.28,G,999.9,10000,11,6,Fall,17.0,54.5,6.700000000000003,463.25,2024-11-10,10.816666666666668,0
72530094846,2024-11-11,41.96017,-87.93164,204.8,"CHICAGO OHARE INTERNATIONAL AIRPORT, IL US",52.9,24,42.7,24,1012.1,24,987.7,24,10.0,0,11.2,24,17.1,27.0,63.0, ,45.0, ,0.08,G,999.9,0,11,0,Fall,18.0,54.0,11.299999999999997,604.8,2024-11-11,5.056666666666667,0
72530094846,2024-11-12,41.96017,-87.93164,204.8,"CHICAGO OHARE INTERNATIONAL AIRPORT, IL US",45.0,24,34.4,24,1024.3,21,999.7,24,10.0,0,9.4,24,13.0,15.0,57.9, ,39.9, ,0.0,G,999.9,0,11,1,Fall,18.0,48.9,14.5,459.66,2024-11-12,4.141666666666667,0
72530094846,2024-11-13,41.96017,-87.93164,204.8,"CHICAGO OHARE INTERNATIONAL AIRPORT, IL US",45.0,24,34.5,24,1022.0,24,996.6,24,10.0,0,8.2,24,9.9,999.9,52.0, ,39.9, ,0.0,G,999.9,10000,11,2,Fall,12.100000000000001,45.95,11.450000000000003,376.78999999999996,2024-11-13,13.6,0
72530094846,2024-11-14,41.96017,-87.93164,204.8,"CHICAGO OHARE INTERNATIONAL AIRPORT, IL US",50.6,24,48.0,24,1009.0,17,984.6,24,5.8,0,6.8,24,14.0,19.0,54.0, ,39.9, ,0.67,G,999.9,10000,11,3,Fall,14.100000000000001,46.95,-1.0499999999999972,319.26,2024-11-14,14.433333333333332,0
72530094846,2024-11-15,41.96017,-87.93164,204.8,"CHICAGO OHARE INTERNATIONAL AIRPORT, IL US",49.7,24,43.2,24,1018.1,20,993.5,24,9.7,0,5.1,24,9.9,999.9,55.9, ,46.9, ,0.01,G,999.9,10000,11,4,Fall,9.0,51.4,8.199999999999996,262.14,2024-11-15,22.849999999999998,0
72530094846,2024-11-16,41.96017,-87.93164,204.8,"CHICAGO OHARE INTERNATIONAL AIRPORT, IL US",47.2,24,39.5,24,1020.1,23,995.3,24,9.9,0,5.2,24,11.1,19.0,55.9, ,42.1, ,0.0,G,999.9,0,11,5,Fall,13.799999999999997,49.0,9.5,254.8,2024-11-16,26.233333333333334,0
72530094846,2024-11-17,41.96017,-87.93164,204.8,"CHICAGO OHARE INTERNATIONAL AIRPORT, IL US",50.5,24,43.8,24,1013.3,24,988.7,24,10.0,0,8.2,24,11.1,17.1,57.9,*,46.0,*,0.0,G,999.9,10000,11,6,Fall,11.899999999999999,51.95,8.150000000000006,425.99,2024-11-17,25.98,0
72530094846,2024-11-18,41.96017,-87.93164,204.8,"CHICAGO OHARE INTERNATIONAL AIRPORT, IL US",53.2,24,51.7,24,1012.7,14,988.1,24,4.5,0,4.8,24,13.0,19.0,57.0,*,48.9,*,0.03,G,999.9,110000,11,0,Fall,8.100000000000001,52.95,1.25,254.16,2024-11-18,39.339999999999996,0
72530094846,2024-11-19,41.96017,-87.93164,204.8,"CHICAGO OHARE INTERNATIONAL AIRPORT, IL US",59.5,24,52.8,24,1001.5,17,976.9,24,8.4,0,14.3,24,20.0,34.0,63.0,*,57.0,*,0.48,G,999.9,10000,11,1,Fall,6.0,60.0,7.200000000000003,858.0,2024-11-19,7.959999999999999,0
72530094846,2024-11-20,41.96017,-87.93164,204.8,"CHICAGO OHARE INTERNATIONAL AIRPORT, IL US",45.4,24,34.0,24,1008.4,22,984.0,24,10.0,0,10.3,24,20.0,33.0,54.0,*,35.1,*,0.06,G,999.9,11000,11,2,Fall,18.9,44.55,10.549999999999997,458.865,2024-11-20,3.7299999999999995,0
72530094846,2024-11-21,41.96017,-87.93164,204.8,"CHICAGO OHARE INTERNATIONAL AIRPORT, IL US",33.1,24,27.3,24,1005.8,14,981.1,24,6.6,0,13.5,24,22.0,29.9,39.0,*,30.0,*,0.0,G,3.1,111000,11,3,Fall,9.0,34.5,7.199999999999999,465.75,2024-11-21,4.234,0
72530094846,2024-11-22,41.96017,-87.93164,204.8,"CHICAGO OHARE INTERNATIONAL AIRPORT, IL US",41.6,24,36.1,24,1013.6,22,988.7,24,10.0,0,11.3,24,18.1,26.0,48.0, ,30.2, ,0.28,G,999.9,10000,11,4,Fall,17.8,39.1,3.0,441.83000000000004,2024-11-22,3.56,0
72530094846,2024-11-23,41.96017,-87.93164,204.8,"CHICAGO OHARE INTERNATIONAL AIRPORT, IL US",41.3,24,34.8,24,1016.8,23,992.0,24,10.0,0,8.2,24,14.0,18.1,48.0, ,36.0, ,0.0,G,999.9,0,11,5,Fall,12.0,42.0,7.200000000000003,344.4,2024-11-23,15.2,0
72530094846,2024-11-24,41.96017,-87.93164,204.8,"CHICAGO OHARE INTERNATIONAL AIRPORT, IL US",41.4,24,35.9,24,1013.9,24,989.0,24,8.8,0,6.6,24,11.1,999.9,50.0, ,37.0, ,0.0,G,999.9,0,11,6,Fall,13.0,43.5,7.600000000000001,287.09999999999997,2024-11-24,28.139999999999997,0
72530094846,2024-11-25,41.96017,-87.93164,204.8,"CHICAGO OHARE INTERNATIONAL AIRPORT, IL US",49.3,24,43.5,24,1009.7,23,985.4,24,9.2,0,6.0,24,15.9,25.1,52.0, ,37.0, ,0.0,G,999.9,10000,11,0,Fall,15.0,44.5,1.0,267.0,2024-11-25,17.74,0
72530094846,2024-11-26,41.96017,-87.93164,204.8,"CHICAGO OHARE INTERNATIONAL AIRPORT, IL US",34.2,24,22.8,24,1019.7,23,994.5,24,10.0,0,10.7,24,17.1,27.0,52.0, ,25.0, ,0.0,G,999.9,0,11,1,Fall,27.0,38.5,15.7,411.95,2024-11-26,7.790000000000001,0
72530094846,2024-11-27,41.96017,-87.93164,204.8,"CHICAGO OHARE INTERNATIONAL AIRPORT, IL US",37.9,24,24.6,24,1015.3,24,990.0,24,10.0,0,3.7,24,8.0,999.9,44.1, ,26.2, ,0.0,G,999.9,0,11,2,Fall,17.900000000000002,35.15,10.549999999999997,130.055,2024-11-27,15.4,0
72530094846,2024-11-28,41.96017,-87.93164,204.8,"CHICAGO OHARE INTERNATIONAL AIRPORT, IL US",31.8,24,23.2,24,1013.8,18,989.4,24,10.0,0,10.4,24,18.1,22.9,44.1, ,26.1, ,0.0,G,999.9,0,11,3,Fall,18.0,35.1,11.900000000000002,365.04,2024-11-28,8.892,0
72530094846,2024-11-29,41.96017,-87.93164,204.8,"CHICAGO OHARE INTERNATIONAL AIRPORT, IL US",25.0,24,13.1,24,1019.7,23,994.4,24,9.6,0,11.6,24,17.1,25.1,35.1, ,21.0, ,0.0,G,999.9,1000,11,4,Fall,14.100000000000001,28.05,14.950000000000001,325.38,2024-11-29,11.819999999999999,0
72530094846,2024-11-30,41.96017,-87.93164,204.8,"CHICAGO OHARE INTERNATIONAL AIRPORT, IL US",19.2,24,7.8,24,1021.7,24,996.0,24,10.0,0,10.0,24,15.0,25.1,28.0, ,14.0, ,0.0,G,999.9,0,11,5,Fall,14.0,21.0,13.2,210.0,2024-11-30,9.51,0
72530094846,2024-12-01,41.96017,-87.93164,204.8,"CHICAGO OHARE INTERNATIONAL AIRPORT, IL US",21.1,18,7.5,18,1023.1,18,995.3,6,10.0,0,7.9,18,11.1,17.1,27.0, ,14.0, ,0.0,G,999.9,0,12,6,Winter,13.0,20.5,13.0,161.95000000000002,2024-12-01,10.63,0
72530094846,2024-12-02,41.96017,-87.93164,204.8,"CHICAGO OHARE INTERNATIONAL AIRPORT, IL US",19.4,24,11.6,24,1027.9,22,999.9,0,10.0,0,5.0,24,9.9,15.9,27.0, ,14.0, ,0.0,I,999.9,0,12,0,Winter,13.0,20.5,8.9,102.5,2024-12-02,13.26,0
72530094846,2024-12-03,41.96017,-87.93164,204.8,"CHICAGO OHARE INTERNATIONAL AIRPORT, IL US",21.2,19,14.7,19,1031.7,19,999.9,0,10.0,0,6.6,19,11.1,21.0,30.9, ,14.0, ,0.0,I,999.9,0,12,1,Winter,16.9,22.45,7.75,148.17,2024-12-03,16.46,0
72530094846,2024-12-04,41.96017,-87.93164,204.8,"CHICAGO OHARE INTERNATIONAL AIRPORT, IL US",29.5,24,21.3,24,1012.4,24,999.9,0,10.0,0,13.8,24,22.9,41.0,39.0, ,19.0, ,0.0,I,999.9,0,12,2,Winter,20.0,29.0,7.699999999999999,400.20000000000005,2024-12-04,15.959999999999999,0
72530094846,2024-12-05,41.96017,-87.93164,204.8,"CHICAGO OHARE INTERNATIONAL AIRPORT, IL US",20.3,24,5.7,24,1020.4,24,999.9,0,9.6,0,15.8,24,28.0,42.9,39.0, ,12.0, ,0.0,H,999.9,1000,12,3,Winter,27.0,25.5,19.8,402.90000000000003,2024-12-05,3.0759999999999996,0
72530094846,2024-12-06,41.96017,-87.93164,204.8,"CHICAGO OHARE INTERNATIONAL AIRPORT, IL US",22.2,24,9.3,24,1027.9,24,999.9,0,10.0,0,7.6,24,12.0,24.1,32.0, ,12.0, ,0.0,I,999.9,0,12,4,Winter,20.0,22.0,12.7,167.2,2024-12-06,5.636,0
72530094846,2024-12-07,41.96017,-87.93164,204.8,"CHICAGO OHARE INTERNATIONAL AIRPORT, IL US",32.7,24,15.5,24,1018.3,24,999.9,0,10.0,0,10.0,24,18.1,28.9,50.0, ,15.1, ,0.0,I,999.9,0,12,5,Winter,34.9,32.55,17.049999999999997,325.5,2024-12-07,11.218,0
72530094846,2024-12-08,41.96017,-87.93164,204.8,"CHICAGO OHARE INTERNATIONAL AIRPORT, IL US",46.3,24,32.0,24,1007.9,24,999.9,0,10.0,0,9.7,24,15.9,27.0,55.0, ,25.2, ,0.0,I,999.9,0,12,6,Winter,29.8,40.1,8.100000000000001,388.96999999999997,2024-12-08,11.553999999999998,0
72530094846,2024-12-09,41.96017,-87.93164,204.8,"CHICAGO OHARE INTERNATIONAL AIRPORT, IL US",48.9,24,38.9,24,1005.2,23,999.9,0,9.5,0,9.6,24,14.0,25.1,55.0, ,39.9, ,0.0,H,999.9,10000,12,0,Winter,15.100000000000001,47.45,8.550000000000004,455.52000000000004,2024-12-09,10.668000000000001,0
72530094846,2024-12-10,41.96017,-87.93164,204.8,"CHICAGO OHARE INTERNATIONAL AIRPORT, IL US",37.5,24,25.5,24,1012.3,24,999.9,0,10.0,0,7.9,24,11.1,19.0,53.1, ,30.9, ,0.0,H,999.9,1000,12,1,Winter,22.200000000000003,42.0,16.5,331.8,2024-12-10,7.274000000000001,0
72530094846,2024-12-11,41.96017,-87.93164,204.8,"CHICAGO OHARE INTERNATIONAL AIRPORT, IL US",29.1,24,17.7,24,1013.2,22,999.9,0,10.0,0,10.0,24,19.0,34.0,42.1, ,21.0, ,0.0,H,999.9,1000,12,2,Winter,21.1,31.55,13.850000000000001,315.5,2024-12-11,5.71,0
72530094846,2024-12-12,41.96017,-87.93164,204.8,"CHICAGO OHARE INTERNATIONAL AIRPORT, IL US",11.1,24,-3.6,24,1025.7,24,999.9,0,10.0,0,11.9,24,18.1,29.9,32.0, ,3.9, ,0.0,H,999.9,1000,12,3,Winter,28.1,17.95,21.55,213.605,2024-12-12,4.496,0
72530094846,2024-12-13,41.96017,-87.93164,204.8,"CHICAGO OHARE INTERNATIONAL AIRPORT, IL US",14.5,24,2.0,24,1036.7,23,999.9,0,10.0,0,6.1,24,9.9,999.9,27.0, ,3.9, ,0.0,I,999.9,0,12,4,Winter,23.1,15.45,13.45,94.24499999999999,2024-12-13,10.908,0
72530094846,2024-12-14,41.96017,-87.93164,204.8,"CHICAGO OHARE INTERNATIONAL AIRPORT, IL US",30.0,24,19.2,24,1035.5,23,999.9,0,10.0,0,9.6,24,13.0,999.9,37.9,*,25.0,*,0.04,A,999.9,11000,12,5,Winter,12.899999999999999,31.45,12.25,301.91999999999996,2024-12-14,28.939999999999998,0
72530094846,2024-12-15,41.96017,-87.93164,204.8,"CHICAGO OHARE INTERNATIONAL AIRPORT, IL US",40.3,24,38.5,24,1022.7,17,999.9,0,2.8,0,6.1,24,14.0,999.9,45.0, ,25.2, ,0.38,G,999.9,110000,12,6,Winter,19.8,35.1,-3.3999999999999986,214.10999999999999,2024-12-15,23.9,0
72530094846,2024-12-16,41.96017,-87.93164,204.8,"CHICAGO OHARE INTERNATIONAL AIRPORT, IL US",45.3,24,43.5,24,1015.1,16,999.9,0,5.1,0,8.2,24,15.0,27.0,51.1, ,37.9, ,0.03,G,999.9,110000,12,0,Winter,13.200000000000003,44.5,1.0,364.9,2024-12-16,19.22,0
72530094846,2024-12-17,41.96017,-87.93164,204.8,"CHICAGO OHARE INTERNATIONAL AIRPORT, IL US",37.0,24,30.5,24,1020.6,24,999.9,0,10.0,0,9.7,24,14.0,24.1,51.1, ,34.0, ,0.0,G,999.9,0,12,1,Winter,17.1,42.55,12.049999999999997,412.73499999999996,2024-12-17,17.360000000000003,0
72530094846,2024-12-18,41.96017,-87.93164,204.8,"CHICAGO OHARE INTERNATIONAL AIRPORT, IL US",32.8,19,25.6,19,1025.3,16,999.9,0,9.7,0,7.1,19,13.0,20.0,39.0, ,28.9, ,0.0,I,999.9,0,12,2,Winter,10.100000000000001,33.95,8.350000000000001,241.04500000000002,2024-12-18,15.575,0
72530094846,2024-12-19,41.96017,-87.93164,204.8,"CHICAGO OHARE INTERNATIONAL AIRPORT, IL US",27.9,24,17.4,24,1026.0,24,999.9,0,10.0,0,6.9,24,15.0,22.0,35.1, ,25.0, ,0.01,B,999.9,101000,12,3,Winter,10.100000000000001,30.05,12.650000000000002,207.34500000000003,2024-12-19,24.16,0
72530094846,2024-12-20,41.96017,-87.93164,204.8,"CHICAGO OHARE INTERNATIONAL AIRPORT, IL US",32.4,24,27.7,24,1021.4,14,999.9,0,5.9,0,10.8,24,21.0,29.9,35.1, ,25.0, ,0.17,G,2.0,111000,12,4,Winter,10.100000000000001,30.05,2.3500000000000014,324.54,2024-12-20,13.540000000000001,0
72530094846,2024-12-21,41.96017,-87.93164,204.8,"CHICAGO OHARE INTERNATIONAL AIRPORT, IL US",21.5,24,11.5,24,1031.6,24,999.9,0,10.0,0,7.1,24,15.0,20.0,35.1, ,14.0, ,0.0,G,1.2,0,12,5,Winter,21.1,24.55,13.05,174.305,2024-12-21,6.468000000000001,0
72530094846,2024-12-22,41.96017,-87.93164,204.8,"CHICAGO OHARE INTERNATIONAL AIRPORT, IL US",22.2,24,14.5,24,1029.7,24,999.9,0,10.0,0,5.0,24,11.1,999.9,33.1, ,14.0, ,0.0,I,1.2,0,12,6,Winter,19.1,23.55,9.05,117.75,2024-12-22,20.82,0
72530094846,2024-12-23,41.96017,-87.93164,204.8,"CHICAGO OHARE INTERNATIONAL AIRPORT, IL US",34.7,24,25.5,24,1020.3,24,999.9,0,10.0,0,11.1,24,15.9,25.1,39.0,*,32.0,*,0.0,A,1.2,0,12,0,Winter,7.0,35.5,10.0,394.05,2024-12-23,14.040000000000001,0
72530094846,2024-12-24,41.96017,-87.93164,204.8,"CHICAGO OHARE INTERNATIONAL AIRPORT, IL US",36.0,24,28.8,24,1025.2,22,999.9,0,8.8,0,7.3,24,14.0,999.9,39.0, ,32.0, ,0.0,A,999.9,0,12,1,Winter,7.0,35.5,6.699999999999999,259.15,2024-12-24,18.8,0
72530094846,2024-12-25,41.96017,-87.93164,204.8,"CHICAGO OHARE INTERNATIONAL AIRPORT, IL US",34.5,24,27.7,24,1026.2,23,999.9,0,9.4,0,5.1,24,8.9,999.9,39.0, ,30.0, ,0.0,I,999.9,0,12,2,Winter,9.0,34.5,6.800000000000001,175.95,2024-12-25,25.4,0
72530094846,2024-12-26,41.96017,-87.93164,204.8,"CHICAGO OHARE INTERNATIONAL AIRPORT, IL US",41.4,24,39.5,24,1022.6,19,999.9,0,2.9,0,5.2,24,11.1,999.9,48.0, ,32.0, ,0.02,B,999.9,110000,12,3,Winter,16.0,40.0,0.5,208.0,2024-12-26,39.42,0
72530094846,2024-12-27,41.96017,-87.93164,204.8,"CHICAGO OHARE INTERNATIONAL AIRPORT, IL US",47.2,24,44.1,24,1014.8,21,999.9,0,6.8,0,6.7,24,12.0,999.9,50.0, ,37.9, ,0.05,G,999.9,10000,12,4,Winter,12.100000000000001,43.95,-0.14999999999999858,294.46500000000003,2024-12-27,25.44,0
72530094846,2024-12-28,41.96017,-87.93164,204.8,"CHICAGO OHARE INTERNATIONAL AIRPORT, IL US",49.8,24,45.1,24,1010.4,22,999.9,0,8.2,0,11.9,24,22.0,32.1,52.0, ,45.0, ,0.26,G,999.9,10000,12,5,Winter,7.0,48.5,3.3999999999999986,577.15,2024-12-28,19.560000000000002,0
72530094846,2024-12-29,41.96017,-87.93164,204.8,"CHICAGO OHARE INTERNATIONAL AIRPORT, IL US",43.9,24,41.5,24,1009.7,20,999.9,0,6.5,0,7.1,24,13.0,15.9,51.1, ,39.9, ,0.0,G,999.9,10000,12,6,Winter,11.200000000000003,45.5,4.0,323.05,2024-12-29,26.919999999999998,0
72530094846,2024-12-30,41.96017,-87.93164,204.8,"CHICAGO OHARE INTERNATIONAL AIRPORT, IL US",36.6,24,33.3,24,1007.0,22,999.9,0,8.9,0,6.5,24,12.0,999.9,46.0, ,32.0, ,0.47,G,999.9,0,12,0,Winter,14.0,39.0,5.700000000000003,253.5,2024-12-30,20.339999999999996,0
72530094846,2024-12-31,41.96017,-87.93164,204.8,"CHICAGO OHARE INTERNATIONAL AIRPORT, IL US",38.9,24,35.5,24,1005.7,24,999.9,0,8.0,0,10.7,24,21.0,29.9,42.1, ,33.1, ,0.23,G,999.9,10000,12,1,Winter,9.0,37.6,2.1000000000000014,402.32,2024-12-31,14.4,0
