day,avg,isUnhealthy
2016-03-06,8.0,0
2016-03-07,4.5,0
2016-03-10,15.0,0
2016-03-11,9.08,0
2016-03-12,7.86,0
2016-03-13,9.7,0
2016-03-14,8.41,0
2016-03-15,14.4,0
2016-03-16,11.9,0
2016-03-17,17.8,0
2016-03-18,28.6,0
2016-03-19,33.3,0
2016-03-20,39.0,1
2016-03-21,25.0,0
2016-03-22,6.04,0
2016-03-23,6.35,0
2016-03-24,5.48,0
2016-03-25,11.0,0
2016-03-26,17.5,0
2016-03-27,19.8,0
2016-03-28,9.75,0
2016-03-29,5.5,0
2016-03-30,6.35,0
2016-03-31,12.2,0
2016-04-01,13.7,0
2016-04-02,20.0,0
2016-04-03,15.8,0
2016-04-04,13.6,0
2016-04-05,15.1,0
2016-04-06,16.5,0
2016-04-07,17.9,0
2016-04-08,13.7,0
2016-04-09,8.04,0
2016-04-10,7.43,0
2016-04-11,8.24,0
2016-04-12,9.78,0
2016-04-13,12.0,0
2016-04-14,16.3,0
2016-04-15,4.11,0
2016-04-16,5.43,0
2016-04-17,7.0,0
2016-04-18,9.05,0
2016-04-19,10.1,0
2016-04-20,8.35,0
2016-04-21,10.4,0
2016-04-22,7.33,0
2016-04-23,7.0,0
2016-04-24,10.7,0
2016-04-25,9.91,0
2016-04-26,10.0,0
2016-04-27,13.6,0
2016-04-28,9.33,0
2016-04-29,11.2,0
2016-04-30,11.0,0
2016-05-01,13.5,0
2016-05-02,17.9,0
2016-05-03,18.3,0
2016-05-04,18.3,0
2016-05-05,6.14,0
2016-05-06,5.7,0
2016-05-07,6.09,0
2016-05-08,4.16,0
2016-05-09,6.0,0
2016-05-10,11.2,0
2016-05-11,15.1,0
2016-05-12,15.5,0
2016-05-13,27.7,0
2016-05-14,16.6,0
2016-05-15,8.57,0
2016-05-16,11.5,0
2016-05-17,13.6,0
2016-05-18,13.9,0
2016-05-19,17.0,0
2016-05-20,9.43,0
2016-05-21,6.7,0
2016-05-22,8.22,0
2016-05-23,7.35,0
2016-05-24,6.5,0
2016-05-25,4.0,0
2016-05-26,8.43,0
2016-05-27,14.7,0
2016-05-28,12.3,0
2016-05-29,12.8,0
2016-05-30,13.0,0
2016-05-31,25.6,0
2016-06-01,21.7,0
2016-06-02,26.4,0
2016-06-03,35.1,0
2016-06-04,29.9,0
2016-06-05,16.0,0
2016-06-06,17.1,0
2016-06-07,14.8,0
2016-06-08,17.0,0
2016-06-09,20.0,0
2016-06-10,16.2,0
2016-06-11,5.0,0
2016-06-12,4.14,0
2016-06-13,7.22,0
2016-06-14,18.8,0
2016-06-15,12.5,0
2016-06-16,16.6,0
2016-06-17,27.4,0
2016-06-18,20.0,0
2016-06-19,11.8,0
2016-06-20,14.0,0
2016-06-21,18.5,0
2016-06-22,19.1,0
2016-06-23,18.3,0
2016-06-24,23.7,0
2016-06-25,25.3,0
2016-06-26,25.6,0
2016-06-27,22.6,0
2016-06-28,21.3,0
2016-06-29,24.3,0
2016-06-30,23.0,0
2016-07-01,19.4,0
2016-07-02,14.0,0
2016-07-03,13.6,0
2016-07-04,11.4,0
2016-07-05,12.7,0
2016-07-06,12.2,0
2016-07-07,14.7,0
2016-07-08,15.6,0
2016-07-09,15.8,0
2016-07-10,13.8,0
2016-07-11,15.3,0
2016-07-12,18.7,0
2016-07-13,17.5,0
2016-07-14,18.5,0
2016-07-15,21.0,0
2016-07-16,16.6,0
2016-07-17,10.8,0
2016-07-18,11.9,0
2016-07-19,10.8,0
2016-07-20,13.5,0
2016-07-21,13.0,0
2016-07-22,15.5,0
2016-07-23,18.1,0
2016-07-24,15.3,0
2016-07-25,15.2,0
2016-07-26,12.5,0
2016-07-27,7.0,0
2016-07-28,12.0,0
2016-07-29,13.1,0
2016-07-30,13.0,0
2016-07-31,8.5,0
2016-08-01,8.52,0
2016-08-02,13.6,0
2016-08-03,7.43,0
2016-08-04,11.2,0
2016-08-05,15.2,0
2016-08-06,9.96,0
2016-08-07,17.1,0
2016-08-08,18.5,0
2016-08-09,18.0,0
2016-08-10,15.0,0
2016-08-11,12.1,0
2016-08-12,7.83,0
2016-08-13,8.36,0
2016-08-14,13.2,0
2016-08-15,15.4,0
2016-08-16,16.6,0
2016-08-17,14.5,0
2016-08-18,15.0,0
2016-08-19,11.0,0
2016-08-20,8.87,0
2016-08-21,13.0,0
2016-08-22,14.1,0
2016-08-23,16.2,0
2016-08-24,16.3,0
2016-08-25,18.4,0
2016-08-26,10.3,0
2016-08-27,16.1,0
2016-08-28,13.5,0
2016-08-29,18.4,0
2016-08-30,21.1,0
2016-08-31,20.4,0
2016-09-01,17.5,0
2016-09-02,20.0,0
2016-09-03,9.91,0
2016-09-04,10.3,0
2016-09-05,12.1,0
2016-09-06,15.3,0
2016-09-07,20.6,0
2016-09-08,13.2,0
2016-09-09,12.6,0
2016-09-10,15.1,0
2016-09-11,11.8,0
2016-09-12,13.7,0
2016-09-13,5.26,0
2016-09-14,8.41,0
2016-09-15,11.5,0
2016-09-16,14.3,0
2016-09-17,17.2,0
2016-09-18,21.8,0
2016-09-19,19.2,0
2016-09-20,8.3,0
2016-09-21,10.6,0
2016-09-22,12.6,0
2016-09-23,13.7,0
2016-09-24,11.6,0
2016-09-25,10.0,0
2016-09-26,5.7,0
2016-09-27,9.21,0
2016-09-28,8.43,0
2016-09-29,10.3,0
2016-09-30,10.3,0
2016-10-01,12.5,0
2016-10-02,11.9,0
2016-10-03,8.43,0
2016-10-04,7.48,0
2016-10-05,7.76,0
2016-10-06,13.6,0
2016-10-07,9.15,0
2016-10-08,9.18,0
2016-10-09,9.61,0
2016-10-10,9.09,0
2016-10-11,10.1,0
2016-10-12,13.0,0
2016-10-13,17.0,0
2016-10-14,26.3,0
2016-10-15,9.67,0
2016-10-16,2.73,0
2016-10-17,3.1,0
2016-10-18,10.7,0
2016-10-19,10.1,0
2016-10-20,7.0,0
2016-10-21,9.71,0
2016-10-22,12.1,0
2016-10-23,13.6,0
2016-10-24,11.6,0
2016-10-25,9.83,0
2016-10-26,12.9,0
2016-10-27,13.6,0
2016-10-28,6.18,0
2016-10-29,3.96,0
2016-10-30,3.05,0
2016-10-31,5.8,0
2016-11-01,8.77,0
2016-11-02,11.5,0
2016-11-03,7.57,0
2016-11-04,11.9,0
2016-11-05,22.4,0
2016-11-06,24.6,0
2016-11-07,25.2,0
2016-11-08,12.1,0
2016-11-09,6.92,0
2016-11-14,8.5,0
2016-11-15,25.35,0
2016-11-16,19.95,0
2016-11-17,13.65,0
2016-11-18,7.8,0
2016-11-22,14.75,0
2016-11-23,17.2,0
2016-11-25,10.7,0
2016-11-28,14.3,0
2016-11-30,10.925,0
2016-12-03,14.75,0
2016-12-04,12.9,0
2016-12-05,19.5,0
2016-12-06,20.65,0
2016-12-07,28.2,0
2016-12-08,18.9,0
2016-12-09,15.65,0
2016-12-10,21.325,0
2016-12-15,47.0,1
2016-12-23,20.0,0
2016-12-25,8.0,0
2016-12-28,8.7,0
2016-12-29,10.7,0
2016-12-30,9.425,0
2016-12-31,8.415,0
2017-01-01,25.950000000000003,0
2017-01-02,7.685,0
2017-01-04,18.75,0
2017-01-05,3.025,0
2017-01-06,10.35,0
2017-01-07,8.35,0
2017-01-08,22.85,0
2017-01-09,11.45,0
2017-01-10,9.45,0
2017-01-12,5.35,0
2017-01-13,22.25,0
2017-01-14,17.65,0
2017-01-15,18.25,0
2017-01-16,15.65,0
2017-01-17,8.2,0
2017-01-18,15.0,0
2017-01-19,3.5,0
2017-01-20,6.3,0
2017-01-21,6.325,0
2017-01-22,-0.25,0
2017-01-24,9.535,0
2017-01-25,20.7,0
2017-01-26,33.5,0
2017-01-27,16.6,0
2017-01-28,11.6,0
2017-01-29,18.5,0
2017-01-30,14.5,0
2017-02-01,15.7,0
2017-02-02,16.2,0
2017-02-03,6.8,0
2017-02-04,3.665,0
2017-02-05,10.35,0
2017-02-06,0.95,0
2017-02-07,5.4,0
2017-02-09,9.4,0
2017-02-11,7.0,0
2017-02-12,8.2,0
2017-02-15,15.75,0
2017-02-16,20.2,0
2017-02-17,7.0,0
2017-02-20,6.0,0
2017-02-22,4.0,0
2017-02-23,8.8,0
2017-02-24,8.215,0
2017-02-25,17.8,0
2017-02-26,2.5,0
2017-02-27,9.075,0
2017-02-28,8.6,0
2017-03-02,8.1,0
2017-03-03,10.1,0
2017-03-12,20.45,0
2017-03-13,38.55,1
2017-03-14,25.799999999999997,0
2017-03-15,26.6,0
2017-03-16,17.3,0
2017-03-17,28.15,0
2017-03-19,11.0,0
2017-03-20,9.95,0
2017-03-21,1.45,0
2017-03-25,11.8,0
2017-03-26,8.85,0
2017-03-27,8.85,0
2017-03-28,16.35,0
2017-03-29,20.3,0
2017-03-31,10.85,0
2017-04-02,9.45,0
2017-04-03,7.895,0
2017-04-04,5.85,0
2017-04-05,16.8,0
2017-04-08,6.525,0
2017-04-09,8.715,0
2017-04-10,10.600000000000001,0
2017-04-11,15.0,0
2017-04-13,5.65,0
2017-04-14,9.075,0
2017-04-15,11.4,0
2017-04-16,12.05,0
2017-04-17,6.324999999999999,0
2017-04-18,7.68,0
2017-04-19,8.03,0
2017-04-20,11.7,0
2017-04-21,15.55,0
2017-04-22,15.8,0
2017-04-23,10.434999999999999,0
2017-04-24,12.9,0
2017-04-25,9.57,0
2017-04-26,11.3,0
2017-04-27,11.625,0
2017-04-28,8.925,0
2017-04-29,9.175,0
2017-04-30,14.05,0
2017-05-01,15.45,0
2017-05-02,14.850000000000001,0
2017-05-03,16.0,0
2017-05-04,18.0,0
2017-05-05,19.15,0
2017-05-06,9.475000000000001,0
2017-05-07,5.484999999999999,0
2017-05-08,13.7,0
2017-05-09,13.350000000000001,0
2017-05-10,9.01,0
2017-05-11,11.6,0
2017-05-12,17.15,0
2017-05-13,13.05,0
2017-05-14,12.149999999999999,0
2017-05-15,10.635,0
2017-05-16,11.35,0
2017-05-17,9.969999999999999,0
2017-05-18,13.65,0
2017-05-19,15.3,0
2017-05-20,14.799999999999999,0
2017-05-21,12.95,0
2017-05-22,19.45,0
2017-05-23,12.899999999999999,0
2017-05-24,17.15,0
2017-05-25,7.460000000000001,0
2017-05-26,6.29,0
2017-05-27,6.86,0
2017-05-28,9.545,0
2017-05-29,15.3,0
2017-05-30,17.35,0
2017-05-31,14.98,0
2017-06-01,13.95,0
2017-06-02,18.15,0
2017-06-03,19.9,0
2017-06-04,23.6,0
2017-06-05,16.515,0
2017-06-06,17.64,0
2017-06-07,14.42,0
2017-06-08,11.5,0
2017-06-09,8.865,0
2017-06-10,7.59,0
2017-06-11,8.245000000000001,0
2017-06-12,10.2,0
2017-06-13,14.399999999999999,0
2017-06-14,14.95,0
2017-06-15,18.6,0
2017-06-16,13.6,0
2017-06-17,12.2,0
2017-06-18,9.56,0
2017-06-19,13.6,0
2017-06-20,13.8,0
2017-06-21,14.4,0
2017-06-22,13.350000000000001,0
2017-06-23,15.024999999999999,0
2017-06-24,12.504999999999999,0
2017-06-25,15.1,0
2017-06-26,16.95,0
2017-06-27,12.8,0
2017-06-28,13.8,0
2017-06-29,27.8,0
2017-06-30,16.25,0
2017-07-01,18.35,0
2017-07-02,13.924999999999999,0
2017-07-03,15.850000000000001,0
2017-07-04,16.1,0
2017-07-05,20.215,0
2017-07-06,17.9,0
2017-07-07,20.950000000000003,0
2017-07-08,20.4,0
2017-07-09,18.2,0
2017-07-10,17.95,0
2017-07-11,11.254999999999999,0
2017-07-12,11.59,0
2017-07-13,13.6,0
2017-07-14,14.100000000000001,0
2017-07-15,15.7,0
2017-07-16,18.3,0
2017-07-17,15.95,0
2017-07-18,17.299999999999997,0
2017-07-19,19.5,0
2017-07-20,15.7,0
2017-08-10,17.95,0
2017-08-11,16.1,0
2017-08-12,19.85,0
2017-08-13,20.75,0
2017-08-14,15.8,0
2017-08-15,12.5,0
2017-08-16,14.95,0
2017-08-17,15.05,0
2017-08-18,15.75,0
2017-08-19,16.8,0
2017-08-20,13.39,0
2017-08-21,13.614999999999998,0
2017-08-22,10.61,0
2017-08-23,16.25,0
2017-08-24,20.700000000000003,0
2017-08-25,24.1,0
2017-08-26,22.35,0
2017-08-27,15.100000000000001,0
2017-08-28,20.25,0
2017-08-29,24.9,0
2017-08-30,23.1,0
2017-08-31,21.200000000000003,0
2017-09-01,18.85,0
2017-09-02,21.049999999999997,0
2017-09-03,14.8,0
2017-09-04,12.95,0
2017-09-05,14.75,0
2017-09-06,17.9,0
2017-09-07,20.05,0
2017-09-08,19.15,0
2017-09-09,16.6,0
2017-09-10,13.95,0
2017-09-11,15.75,0
2017-09-12,13.15,0
2017-09-13,11.95,0
2017-09-14,10.92,0
2017-09-15,9.059999999999999,0
2017-09-16,12.175,0
2017-09-17,13.3,0
2017-09-18,14.0,0
2017-09-19,12.3,0
2017-09-20,14.9,0
2017-09-21,9.96,0
2017-09-22,10.309999999999999,0
2017-09-23,9.515,0
2017-09-24,13.9,0
2017-09-25,9.25,0
2017-09-26,15.6,0
2017-09-27,24.1,0
2017-09-28,17.15,0
2017-09-29,13.93,0
2017-09-30,25.05,0
2017-10-01,15.45,0
2017-10-02,14.95,0
2017-10-03,16.15,0
2017-10-04,16.8,0
2017-10-05,16.450000000000003,0
2017-10-06,19.200000000000003,0
2017-10-07,16.25,0
2017-10-08,18.9,0
2017-10-09,17.7,0
2017-10-10,18.35,0
2017-10-11,18.549999999999997,0
2017-10-12,22.9,0
2017-10-13,30.45,0
2017-10-14,31.85,0
2017-10-15,22.4,0
2017-10-16,14.600000000000001,0
2017-10-17,18.700000000000003,0
2017-10-18,22.700000000000003,0
2017-10-19,25.299999999999997,0
2017-10-20,13.05,0
2017-10-21,13.45,0
2017-10-22,11.8,0
2017-10-23,11.65,0
2017-10-24,13.3,0
2017-10-25,9.9,0
2017-10-26,15.6,0
2017-10-27,19.0,0
2017-10-28,32.3,0
2017-10-29,25.85,0
2017-10-30,11.475000000000001,0
2017-10-31,9.690000000000001,0
2017-11-01,9.18,0
2017-11-02,7.215,0
2017-11-03,10.365,0
2017-11-04,10.35,0
2017-11-05,5.0,0
2017-11-06,8.465,0
2017-11-07,4.6,0
2017-11-08,9.440000000000001,0
2017-11-09,10.850000000000001,0
2017-11-10,10.535,0
2017-11-11,21.9,0
2017-11-12,26.15,0
2017-11-13,30.4,0
2017-11-14,25.6,0
2017-11-15,34.4,0
2017-11-16,12.675,0
2017-11-17,8.49,0
2017-11-19,13.8,0
2017-11-20,24.7,0
2017-11-21,16.9,0
2017-11-22,14.049999999999999,0
2017-11-23,8.65,0
2017-11-24,26.1,0
2017-11-25,25.1,0
2017-11-26,42.35,1
2017-11-28,12.2,0
2017-11-29,23.1,0
2017-11-30,19.2,0
2017-12-01,14.75,0
2017-12-02,21.950000000000003,0
2017-12-03,18.45,0
2017-12-04,14.05,0
2017-12-05,18.6,0
2017-12-06,16.9,0
2017-12-07,18.75,0
2017-12-08,23.25,0
2017-12-09,15.649999999999999,0
2017-12-10,14.0,0
2017-12-11,14.95,0
2017-12-12,34.7,0
2017-12-13,18.55,0
2017-12-14,32.1,0
2017-12-15,13.4,0
2017-12-16,26.5,0
2017-12-17,22.95,0
2017-12-18,14.675,0
2017-12-19,20.65,0
2017-12-20,4.85,0
2017-12-21,4.484999999999999,0
2017-12-22,22.4,0
2017-12-23,20.9,0
2017-12-24,34.25,0
2017-12-25,48.15,1
2017-12-27,46.75,1
2017-12-28,28.3,0
2017-12-29,24.15,0
2017-12-30,31.15,0
2017-12-31,41.7,1
2018-01-01,68.1,1
2018-01-02,48.2,1
2018-01-03,26.4,0
2018-01-04,26.5,0
2018-01-05,19.3,0
2018-01-06,20.15,0
2018-01-07,22.45,0
2018-01-09,3.5,0
2018-01-10,16.450000000000003,0
2018-01-11,25.75,0
2018-01-12,39.9,1
2018-01-13,9.094999999999999,0
2018-01-14,8.65,0
2018-01-15,25.15,0
2018-01-16,22.15,0
2018-01-17,35.45,0
2018-01-18,18.95,0
2018-01-19,19.6,0
2018-01-20,6.84,0
2018-01-21,11.225,0
2018-01-22,17.0,0
2018-01-23,15.75,0
2018-01-24,14.8,0
2018-01-25,9.0,0
2018-01-26,11.5,0
2018-01-27,11.0,0
2018-01-28,7.0,0
2018-01-29,6.0,0
2018-01-30,10.75,0
2018-01-31,17.5,0
2018-02-01,25.4,0
2018-02-03,32.65,0
2018-02-04,32.0,0
2018-02-05,15.15,0
2018-02-06,22.2,0
2018-02-07,31.4,0
2018-02-08,8.95,0
2018-02-09,17.75,0
2018-02-10,14.8,0
2018-02-11,28.7,0
2018-02-13,5.495,0
2018-02-14,10.524999999999999,0
2018-02-15,15.85,0
2018-02-16,11.915,0
2018-02-17,11.7,0
2018-02-18,12.95,0
2018-02-19,4.365,0
2018-02-20,9.190000000000001,0
2018-02-21,9.25,0
2018-02-22,10.36,0
2018-02-23,6.699999999999999,0
2018-02-24,10.485,0
2018-02-25,15.15,0
2018-02-27,5.3,0
2018-03-01,8.065000000000001,0
2018-03-02,5.65,0
2018-03-03,2.025,0
2018-03-04,7.879999999999999,0
2018-03-05,7.0649999999999995,0
2018-03-06,10.465,0
2018-03-07,16.1,0
2018-03-08,18.75,0
2018-03-09,13.56,0
2018-03-10,7.015000000000001,0
2018-03-11,7.5,0
2018-03-12,11.48,0
2018-03-13,7.7700000000000005,0
2018-03-14,5.105,0
2018-03-15,6.4,0
2018-03-16,21.015,0
2018-03-17,2.6,0
2018-03-18,3.95,0
2018-03-19,9.135,0
2018-03-20,12.100000000000001,0
2018-03-21,13.100000000000001,0
2018-03-22,10.34,0
2018-03-23,7.2,0
2018-03-24,8.83,0
2018-03-25,8.225,0
2018-03-26,7.1,0
2018-03-27,10.55,0
2018-03-28,12.83,0
2018-03-29,22.0,0
2018-03-30,28.35,0
2018-03-31,27.700000000000003,0
2018-04-01,17.415,0
2018-04-02,12.95,0
2018-04-03,15.3,0
2018-04-04,20.15,0
2018-04-05,32.25,0
2018-04-06,12.6,0
2018-04-07,12.8,0
2018-04-08,12.45,0
2018-04-09,17.8,0
2018-04-10,15.9,0
2018-04-11,14.1,0
2018-04-12,8.275,0
2018-04-13,8.08,0
2018-04-14,13.934999999999999,0
2018-04-15,16.55,0
2018-04-16,9.365,0
2018-04-17,4.25,0
2018-04-18,10.149999999999999,0
2018-04-19,8.6,0
2018-04-20,12.7,0
2018-04-21,20.15,0
2018-04-22,19.85,0
2018-04-23,25.0,0
2018-04-24,30.35,0
2018-04-25,19.700000000000003,0
2018-04-26,20.5,0
2018-04-27,15.95,0
2018-04-28,14.6,0
2018-04-29,10.85,0
2018-04-30,10.705,0
2018-05-01,12.7,0
2018-05-02,12.65,0
2018-05-03,13.6,0
2018-05-04,17.0,0
2018-05-05,17.35,0
2018-05-06,15.4,0
2018-05-07,15.35,0
2018-05-08,18.65,0
2018-05-09,17.6,0
2018-05-10,17.450000000000003,0
2018-05-11,10.5,0
2018-05-12,6.585,0
2018-05-13,7.83,0
2018-05-14,12.399999999999999,0
2018-05-15,9.065000000000001,0
2018-05-16,8.16,0
2018-05-17,7.48,0
2018-05-18,9.8,0
2018-05-19,12.425,0
2018-05-20,11.434999999999999,0
2018-05-21,12.05,0
2018-05-22,11.375,0
2018-05-23,8.559999999999999,0
2018-05-24,7.324999999999999,0
2018-05-25,5.045,0
2018-05-26,7.890000000000001,0
2018-05-27,11.15,0
2018-05-28,17.75,0
2018-05-29,15.74,0
2018-05-30,6.835000000000001,0
2018-05-31,10.41,0
2018-06-01,14.45,0
2018-06-02,15.649999999999999,0
2018-06-03,16.85,0
2018-06-04,18.1,0
2018-06-05,12.81,0
2018-06-06,16.4,0
2018-06-07,13.8,0
2018-06-08,17.25,0
2018-06-09,19.3,0
2018-06-10,16.8,0
2018-06-11,19.5,0
2018-06-12,20.5,0
2018-06-13,22.8,0
2018-06-14,27.5,0
2018-06-15,20.1,0
2018-06-16,14.7,0
2018-06-17,8.0,0
2018-06-18,10.2,0
2018-06-19,15.9,0
2018-06-20,25.9,0
2018-06-21,25.9,0
2018-06-22,29.8,0
2018-06-23,17.2,0
2018-06-24,13.8,0
2018-06-25,15.6,0
2018-06-26,13.4,0
2018-06-27,22.9,0
2018-06-28,18.7,0
2018-06-29,15.4,0
2018-06-30,13.5,0
2018-07-01,12.7,0
2018-07-02,9.9,0
2018-07-03,11.2,0
2018-07-04,19.8,0
2018-07-05,20.8,0
2018-07-06,19.0,0
2018-07-07,21.0,0
2018-07-08,20.0,0
2018-07-09,18.8,0
2018-07-10,18.5,0
2018-07-11,16.2,0
2018-07-12,15.5,0
2018-07-13,12.1,0
2018-07-14,11.0,0
2018-07-15,14.0,0
2018-07-16,16.0,0
2018-07-17,9.6,0
2018-07-18,17.7,0
2018-07-19,15.1,0
2018-07-20,8.5,0
2018-07-21,7.7,0
2018-07-22,9.5,0
2018-07-23,15.6,0
2018-07-24,21.7,0
2018-07-25,24.0,0
2018-07-26,24.2,0
2018-07-27,27.6,0
2018-07-28,21.3,0
2018-07-29,17.1,0
2018-07-30,11.7,0
2018-07-31,12.3,0
2018-08-01,12.3,0
2018-08-02,15.0,0
2018-08-03,19.0,0
2018-08-04,19.8,0
2018-08-05,21.6,0
2018-08-06,22.5,0
2018-08-07,22.8,0
2018-08-08,14.9,0
2018-08-09,16.1,0
2018-08-10,13.4,0
2018-08-11,12.2,0
2018-08-12,11.3,0
2018-08-13,12.5,0
2018-08-14,9.61,0
2018-08-15,14.1,0
2018-08-16,14.8,0
2018-08-17,20.2,0
2018-08-18,19.8,0
2018-08-19,21.6,0
2018-08-20,20.5,0
2018-08-21,19.5,0
2018-08-22,20.4,0
2018-08-23,24.9,0
2018-08-24,29.5,0
2018-08-25,36.3,1
2018-08-26,25.1,0
2018-08-27,24.0,0
2018-08-28,17.5,0
2018-08-29,13.9,0
2018-09-06,11.9,0
2018-09-07,18.6,0
2018-09-08,20.6,0
2018-09-09,23.1,0
2018-09-10,17.7,0
2018-09-11,16.3,0
2018-09-12,16.7,0
2018-09-13,18.0,0
2018-09-14,15.4,0
2018-09-15,10.6,0
2018-09-16,12.5,0
2018-09-17,12.0,0
2018-09-18,13.7,0
2018-09-19,16.1,0
2018-09-20,19.7,0
2018-09-21,19.5,0
2018-09-22,14.7,0
2018-09-23,13.0,0
2018-09-24,16.7,0
2018-09-25,17.1,0
2018-09-26,18.6,0
2018-09-27,21.5,0
2018-09-28,25.8,0
2018-09-29,12.2,0
2018-09-30,13.0,0
2018-10-01,10.9,0
2018-10-02,10.3,0
2018-10-03,8.0,0
2018-10-04,7.17,0
2018-10-05,8.09,0
2018-10-06,13.3,0
2018-10-07,12.8,0
2018-10-08,12.9,0
2018-10-09,11.7,0
2018-10-10,12.8,0
2018-10-11,8.11,0
2018-10-12,9.33,0
2018-10-13,7.38,0
2018-10-14,11.1,0
2018-10-15,6.4,0
2018-10-16,10.2,0
2018-10-17,8.83,0
2018-10-18,8.11,0
2018-10-19,5.0,0
2018-10-20,8.65,0
2018-10-21,13.3,0
2018-10-22,18.6,0
2018-10-23,22.0,0
2018-10-24,20.1,0
2018-10-25,24.9,0
2018-10-26,21.5,0
2018-10-27,23.0,0
2018-10-28,27.8,0
2018-10-29,36.6,1
2018-10-30,19.7,0
2018-10-31,16.6,0
2018-11-01,13.2,0
2018-11-02,12.0,0
2018-11-03,15.4,0
2018-11-04,19.9,0
2018-11-05,18.8,0
2018-11-06,12.1,0
2018-11-07,14.9,0
2018-11-08,19.5,0
2018-11-09,12.4,0
2018-11-10,32.1,0
2018-11-11,44.3,1
2018-11-12,13.3,0
2018-11-13,10.6,0
2018-11-14,16.4,0
2018-11-15,9.88,0
2018-11-16,15.7,0
2018-11-17,21.9,0
2018-11-18,32.3,0
2018-11-19,24.1,0
2018-11-20,22.7,0
2018-11-21,22.8,0
2018-11-22,8.0,0
2018-11-23,12.4,0
2018-11-24,15.7,0
2018-11-25,14.3,0
2018-11-26,6.73,0
2018-11-27,7.57,0
2018-11-28,10.0,0
2018-11-29,5.83,0
2018-11-30,7.88,0
2018-12-01,8.41,0
2018-12-02,4.24,0
2018-12-03,9.22,0
2018-12-04,7.67,0
2018-12-05,6.2,0
2018-12-06,5.83,0
2018-12-07,7.35,0
2018-12-08,8.19,0
2018-12-09,8.92,0
2018-12-10,11.7,0
2018-12-11,16.3,0
2018-12-12,18.1,0
2018-12-13,16.6,0
2018-12-15,10.0,0
2018-12-16,14.9,0
2018-12-17,9.74,0
2018-12-18,10.7,0
2018-12-19,15.4,0
2018-12-20,13.5,0
2018-12-21,19.9,0
2018-12-22,29.0,0
2018-12-23,38.8,1
2018-12-24,36.3,1
2018-12-25,5.79,0
2018-12-26,10.5,0
2018-12-27,8.67,0
2018-12-28,4.2,0
2018-12-29,10.6,0
2018-12-30,14.3,0
2018-12-31,12.8,0
2019-01-01,19.9,0
2019-01-02,10.0,0
2019-01-03,10.7,0
2019-01-04,17.3,0
2019-01-05,19.2,0
2019-01-06,7.55,0
2019-01-07,7.0,0
2019-01-08,9.0,0
2019-01-09,14.8,0
2019-01-10,12.7,0
2019-01-11,22.0,0
2019-01-12,6.29,0
2019-01-13,14.6,0
2019-01-14,6.36,0
2019-01-15,6.05,0
2019-01-16,4.33,0
2019-01-17,5.57,0
2019-01-18,13.5,0
2019-01-19,9.96,0
2019-01-20,7.71,0
2019-01-21,3.79,0
2019-01-22,8.44,0
2019-01-23,8.77,0
2019-01-24,10.2,0
2019-01-25,8.7,0
2019-01-26,9.13,0
2019-01-27,9.88,0
2019-01-28,25.5,0
2019-01-29,31.2,0
2019-01-30,19.8,0
2019-01-31,16.0,0
2019-02-01,9.26,0
2019-02-02,4.52,0
2019-02-03,5.55,0
2019-02-04,5.0,0
2019-02-05,3.91,0
2019-02-06,3.57,0
2019-02-07,10.1,0
2019-02-08,11.3,0
2019-02-09,8.58,0
2019-02-10,4.79,0
2019-02-11,4.0,0
2019-02-12,14.1,0
2019-02-13,8.48,0
2019-02-14,5.83,0
2019-02-15,6.96,0
2019-02-16,4.65,0
2019-02-17,4.14,0
2019-02-18,3.29,0
2019-02-19,5.77,0
2019-02-20,7.78,0
2019-02-21,6.87,0
2019-02-22,7.78,0
2019-02-23,8.5,0
2019-02-24,11.2,0
2019-02-25,14.4,0
2019-02-26,18.3,0
2019-02-27,14.1,0
2019-02-28,12.5,0
2019-03-01,12.9,0
2019-03-02,6.42,0
2019-03-03,5.15,0
2019-03-04,5.24,0
2019-03-05,12.1,0
2019-03-06,6.75,0
2019-03-07,4.63,0
2019-03-08,5.21,0
2019-03-09,7.38,0
2019-03-10,8.26,0
2019-03-11,8.29,0
2019-03-12,9.73,0
2019-03-13,10.1,0
2019-03-14,6.5,0
2019-03-15,6.58,0
2019-03-16,8.13,0
2019-03-17,9.39,0
2019-03-18,14.4,0
2019-03-19,17.9,0
2019-03-20,7.54,0
2019-03-21,7.04,0
2019-03-22,8.46,0
2019-03-23,10.5,0
2019-03-24,12.2,0
2019-03-25,14.6,0
2019-03-26,14.6,0
2019-03-27,13.6,0
2019-03-28,6.88,0
2019-03-29,11.0,0
2019-03-30,9.82,0
2019-03-31,9.48,0
2019-04-01,10.6,0
2019-04-02,11.5,0
2019-04-03,5.21,0
2019-04-04,7.67,0
2019-04-05,4.13,0
2019-04-06,7.22,0
2019-04-07,12.1,0
2019-04-08,13.6,0
2019-04-09,11.6,0
2019-04-10,4.2,0
2019-04-11,11.4,0
2019-04-12,11.8,0
2019-04-13,13.0,0
2019-04-14,13.8,0
2019-04-15,12.4,0
2019-04-16,11.0,0
2019-04-17,11.4,0
2019-04-18,15.2,0
2019-04-19,18.7,0
2019-04-20,11.1,0
2019-04-21,7.88,0
2019-04-22,14.7,0
2019-04-23,21.0,0
2019-04-24,19.8,0
2019-04-25,21.8,0
2019-04-26,22.3,0
2019-04-27,18.4,0
2019-04-28,14.8,0
2019-04-29,7.88,0
2019-04-30,7.05,0
2019-05-01,9.92,0
2019-05-02,15.3,0
2019-05-03,17.7,0
2019-05-04,20.1,0
2019-05-05,16.7,0
2019-05-06,5.94,0
2019-05-07,5.64,0
2019-05-08,6.82,0
2019-05-09,8.43,0
2019-05-10,7.65,0
2019-05-11,9.71,0
2019-05-12,10.4,0
2019-05-13,11.4,0
2019-05-14,18.9,0
2019-05-15,14.6,0
2019-05-16,7.63,0
2019-05-17,9.26,0
2019-05-18,10.2,0
2019-05-19,6.04,0
2019-05-20,6.04,0
2019-05-21,8.78,0
2019-05-22,8.25,0
2019-05-23,11.6,0
2019-05-24,10.3,0
2019-05-25,10.2,0
2019-05-26,7.25,0
2019-05-27,7.17,0
2019-05-28,10.9,0
2019-05-29,12.8,0
2019-05-30,19.9,0
2019-05-31,20.5,0
2019-06-01,11.8,0
2019-06-02,9.35,0
2019-06-03,11.5,0
2019-06-04,18.3,0
2019-06-05,21.3,0
2019-06-06,15.9,0
2019-06-07,11.9,0
2019-06-08,14.5,0
2019-06-09,17.0,0
2019-06-10,14.7,0
2019-06-11,15.7,0
2019-06-12,13.5,0
2019-06-13,19.2,0
2019-06-14,14.4,0
2019-06-15,14.4,0
2019-06-16,16.0,0
2019-06-17,10.5,0
2019-06-18,12.8,0
2019-06-19,13.0,0
2019-06-20,10.6,0
2019-06-21,6.33,0
2019-06-22,8.08,0
2019-06-23,12.0,0
2019-06-24,14.3,0
2019-06-25,13.5,0
2019-06-26,11.3,0
2019-06-27,14.2,0
2019-06-28,14.8,0
2019-06-29,14.8,0
2019-06-30,15.0,0
2019-07-01,16.5,0
2019-07-02,17.3,0
2019-07-03,16.4,0
2019-07-04,18.2,0
2019-07-05,39.8,1
2019-07-06,19.2,0
2019-07-07,14.7,0
2019-07-08,13.0,0
2019-07-09,16.3,0
2019-07-10,15.0,0
2019-07-11,18.9,0
2019-07-12,12.0,0
2019-07-13,20.3,0
2019-07-14,20.4,0
2019-07-15,21.4,0
2019-07-16,21.2,0
2019-07-17,16.1,0
2019-07-18,14.6,0
2019-07-19,11.0,0
2019-07-20,13.4,0
2019-07-21,10.7,0
2019-07-22,15.9,0
2019-07-23,14.7,0
2019-07-24,15.0,0
2019-07-25,17.0,0
2019-07-26,18.5,0
2019-07-27,16.4,0
2019-07-28,16.0,0
2019-07-29,18.7,0
2019-07-30,17.9,0
2019-07-31,18.4,0
2019-08-01,14.3,0
2019-08-02,15.2,0
2019-08-03,15.6,0
2019-08-04,13.9,0
2019-08-05,16.3,0
2019-08-06,15.1,0
2019-08-07,17.5,0
2019-08-08,17.1,0
2019-08-09,17.0,0
2019-08-10,15.0,0
2019-08-11,9.0,0
2019-08-12,15.1,0
2019-08-13,13.7,0
2019-08-14,15.4,0
2019-08-15,16.9,0
2019-08-16,16.9,0
2019-08-17,10.7,0
2019-08-18,10.2,0
2019-08-19,13.8,0
2019-08-20,11.5,0
2019-08-21,14.6,0
2019-08-22,15.9,0
2019-08-23,14.7,0
2019-08-24,14.7,0
2019-08-25,12.4,0
2019-08-26,12.9,0
2019-08-27,13.4,0
2019-08-28,14.0,0
2019-08-29,13.8,0
2019-08-30,15.9,0
2019-08-31,18.5,0
2019-09-01,18.5,0
2019-09-02,13.1,0
2019-09-03,13.9,0
2019-09-04,11.6,0
2019-09-05,13.9,0
2019-09-06,13.4,0
2019-09-07,11.8,0
2019-09-08,10.7,0
2019-09-09,13.8,0
2019-09-10,10.0,0
2019-09-11,16.0,0
2019-09-12,17.5,0
2019-09-13,16.6,0
2019-09-14,16.7,0
2019-09-15,20.3,0
2019-09-16,16.7,0
2019-09-17,15.8,0
2019-09-18,13.8,0
2019-09-19,10.0,0
2019-09-25,15.6,0
2019-09-26,13.6,0
2019-09-27,9.33,0
2019-09-28,6.25,0
2019-09-29,7.58,0
2019-09-30,11.7,0
2019-10-01,10.3,0
2019-10-02,12.6,0
2019-10-03,13.6,0
2019-10-04,14.8,0
2019-10-05,16.3,0
2019-10-06,17.5,0
2019-10-07,13.8,0
2019-10-08,16.3,0
2019-10-09,15.4,0
2019-10-10,19.6,0
2019-10-11,11.8,0
2019-10-12,22.0,0
2019-10-13,20.6,0
2019-10-14,15.7,0
2019-10-15,19.0,0
2019-10-16,13.5,0
2019-10-17,16.9,0
2019-10-18,12.4,0
2019-10-19,13.5,0
2019-10-20,12.4,0
2019-10-21,7.83,0
2019-10-22,10.1,0
2019-10-23,14.8,0
2019-10-24,15.7,0
2019-10-25,10.9,0
2019-10-26,10.1,0
2019-10-27,13.2,0
2019-10-28,16.6,0
2019-10-29,14.4,0
2019-10-30,10.7,0
2019-10-31,10.2,0
2019-11-01,8.96,0
2019-11-02,21.5,0
2019-11-03,18.7,0
2019-11-04,18.5,0
2019-11-05,18.6,0
2019-11-06,23.2,0
2019-11-07,33.9,0
2019-11-08,19.6,0
2019-11-09,14.4,0
2019-11-10,21.0,0
2019-11-11,25.3,0
2019-11-12,24.0,0
2019-11-13,24.1,0
2019-11-14,22.5,0
2019-11-15,19.7,0
2019-11-16,20.6,0
2019-11-17,9.5,0
2019-11-18,7.79,0
2019-11-19,13.3,0
2019-11-20,7.39,0
2019-11-21,8.96,0
2019-11-22,11.2,0
2019-11-23,11.0,0
2019-11-24,9.58,0
2019-11-25,12.7,0
2019-11-26,12.3,0
2019-11-27,6.33,0
2019-11-28,3.67,0
2019-11-29,7.21,0
2019-11-30,7.33,0
2019-12-01,5.6,0
2019-12-02,11.3,0
2019-12-03,14.7,0
2019-12-04,9.58,0
2019-12-05,9.61,0
2019-12-06,10.8,0
2019-12-07,6.96,0
2019-12-08,7.88,0
2019-12-09,14.1,0
2019-12-10,13.3,0
2019-12-11,13.6,0
2019-12-12,25.7,0
2019-12-13,28.8,0
2019-12-14,24.7,0
2019-12-15,5.79,0
2019-12-16,8.09,0
2019-12-17,7.21,0
2019-12-18,8.39,0
2019-12-19,15.7,0
2019-12-20,8.55,0
2019-12-21,12.0,0
2019-12-22,11.5,0
2019-12-23,6.54,0
2019-12-24,10.5,0
2019-12-25,7.92,0
2019-12-26,6.04,0
2019-12-27,8.96,0
2019-12-28,12.8,0
2019-12-29,15.3,0
2019-12-30,12.0,0
2019-12-31,13.4,0
2020-01-01,18.4,0
2020-01-02,18.7,0
2020-01-03,14.7,0
2020-01-04,20.8,0
2020-01-05,16.7,0
2020-01-06,9.06,0
2020-01-07,5.65,0
2020-01-08,17.9,0
2020-01-09,11.3,0
2020-01-10,12.5,0
2020-01-11,14.7,0
2020-01-12,16.3,0
2020-01-13,17.5,0
2020-01-14,17.6,0
2020-01-15,27.3,0
2020-01-16,22.2,0
2020-01-17,8.43,0
2020-01-18,7.67,0
2020-01-19,8.75,0
2020-01-20,17.4,0
2020-01-21,9.75,0
2020-01-22,12.5,0
2020-01-23,13.2,0
2020-01-24,14.3,0
2020-01-25,29.0,0
2020-01-26,38.3,1
2020-01-27,21.3,0
2020-01-28,8.29,0
2020-01-29,8.25,0
2020-01-30,9.23,0
2020-01-31,10.0,0
2020-02-01,8.25,0
2020-02-02,12.4,0
2020-02-03,3.82,0
2020-02-04,7.54,0
2020-02-05,6.25,0
2020-02-06,11.3,0
2020-02-07,17.1,0
2020-02-08,21.5,0
2020-02-09,12.3,0
2020-02-10,8.38,0
2020-02-11,8.63,0
2020-02-12,11.4,0
2020-02-13,15.3,0
2020-02-14,18.1,0
2020-02-15,18.8,0
2020-02-16,18.2,0
2020-02-17,21.3,0
2020-02-18,22.3,0
2020-02-19,24.2,0
2020-02-20,19.5,0
2020-02-21,11.8,0
2020-02-22,7.52,0
2020-02-23,10.3,0
2020-02-24,15.8,0
2020-02-25,13.1,0
2020-02-26,10.4,0
2020-02-27,8.33,0
2020-02-28,6.83,0
2020-02-29,11.3,0
2020-03-01,9.14,0
2020-03-02,6.08,0
2020-03-03,8.18,0
2020-03-04,15.8,0
2020-03-05,19.5,0
2020-03-06,18.5,0
2020-03-07,10.9,0
2020-03-09,6.17,0
2020-03-10,5.58,0
2020-03-11,6.0,0
2020-03-12,8.33,0
2020-03-13,7.0,0
2020-03-14,8.3,0
2020-03-15,4.89,0
2020-03-16,6.42,0
2020-03-17,5.14,0
2020-03-18,6.29,0
2020-03-19,5.25,0
2020-03-20,4.45,0
2020-03-21,5.42,0
2020-03-22,4.77,0
2020-03-23,3.19,0
2020-03-24,4.88,0
2020-03-25,3.33,0
2020-03-26,4.08,0
2020-03-27,6.17,0
2020-03-28,7.5,0
2020-03-29,9.0,0
2020-03-30,8.63,0
2020-03-31,9.48,0
2020-04-01,12.4,0
2020-04-02,10.6,0
2020-04-03,12.8,0
2020-04-07,3.17,0
2020-04-08,3.29,0
2020-04-09,1.58,0
2020-04-10,1.71,0
2020-04-11,7.08,0
2020-04-12,6.08,0
2020-04-13,4.58,0
2020-04-14,8.08,0
2020-04-15,7.75,0
2020-04-16,10.5,0
2020-04-17,6.29,0
2020-04-18,4.79,0
2020-04-19,4.0,0
2020-04-20,6.85,0
2020-04-21,8.46,0
2020-04-22,9.83,0
2020-04-23,15.1,0
2020-04-24,9.25,0
2020-04-25,14.2,0
2020-04-26,15.6,0
2020-04-27,15.6,0
2020-04-28,15.6,0
2020-04-29,19.3,0
2020-04-30,17.9,0
2020-05-01,13.3,0
2020-05-02,11.5,0
2020-05-03,7.55,0
2020-05-04,14.2,0
2020-05-05,14.5,0
2020-05-06,15.7,0
2020-05-07,15.5,0
2020-05-08,21.9,0
2020-05-09,20.3,0
2020-05-10,14.9,0
2020-05-11,9.27,0
2020-05-12,6.5,0
2020-05-13,8.25,0
2020-05-14,7.67,0
2020-05-15,9.45,0
2020-05-16,10.6,0
2020-05-17,12.1,0
2020-05-18,2.77,0
2020-05-19,5.47,0
2020-05-20,6.72,0
2020-05-21,9.16,0
2020-05-22,12.1,0
2020-05-23,11.6,0
2020-05-24,17.0,0
2020-05-25,18.4,0
2020-05-26,15.5,0
2020-05-27,16.8,0
2020-05-28,10.3,0
2020-05-29,9.47,0
2020-05-30,4.75,0
2020-05-31,7.7,0
2020-06-01,10.4,0
2020-06-02,14.3,0
2020-06-03,14.9,0
2020-06-04,14.9,0
2020-06-05,7.4,0
2020-06-07,8.22,0
2020-06-08,3.15,0
2020-06-09,2.95,0
2020-06-10,7.77,0
2020-06-11,12.1,0
2020-06-12,10.9,0
2020-06-13,9.47,0
2020-06-14,9.4,0
2020-06-15,8.91,0
2020-06-16,10.9,0
2020-06-17,8.84,0
2020-06-18,10.3,0
2020-06-19,11.7,0
2020-06-20,8.29,0
2020-06-21,10.2,0
2020-06-22,15.5,0
2020-06-23,13.8,0
2020-06-24,14.1,0
2020-06-25,10.8,0
2020-06-26,9.95,0
2020-06-27,12.9,0
2020-06-28,4.3,0
2020-06-29,5.63,0
2020-06-30,8.15,0
2020-07-01,13.0,0
2020-07-02,10.51,0
2020-07-03,12.55,0
2020-07-04,45.75,1
2020-07-05,73.8,1
2020-07-06,15.45,0
2020-07-07,16.2,0
2020-07-08,16.7,0
2020-07-09,17.1,0
2020-07-10,19.4,0
2020-07-11,14.7,0
2020-07-12,13.649999999999999,0
2020-07-13,16.05,0
2020-07-14,13.4,0
2020-07-15,9.985,0
2020-07-16,9.535,0
2020-07-17,7.345000000000001,0
2020-07-18,4.055,0
2020-07-19,8.969999999999999,0
2020-07-20,8.085,0
2020-07-21,10.850000000000001,0
2020-07-22,8.18,0
2020-07-23,7.93,0
2020-07-24,8.02,0
2020-07-25,11.21,0
2020-07-26,11.0,0
2020-07-27,9.91,0
2020-07-28,10.335,0
2020-07-29,14.7,0
2020-07-30,9.79,0
2020-08-03,19.3,0
2020-08-04,15.45,0
2020-08-05,8.469999999999999,0
2020-08-06,10.31,0
2020-08-07,10.385,0
2020-08-08,12.25,0
2020-08-09,10.425,0
2020-08-10,9.015,0
2020-08-11,8.685,0
2020-08-12,10.74,0
2020-08-13,9.725000000000001,0
2020-08-14,12.05,0
2020-08-15,17.95,0
2020-08-16,14.25,0
2020-08-17,15.3,0
2020-08-18,17.35,0
2020-08-19,15.4,0
2020-08-20,15.8,0
2020-08-21,20.450000000000003,0
2020-08-22,24.3,0
2020-08-23,21.6,0
2020-08-24,15.1,0
2020-08-25,10.965,0
2020-08-26,11.0,0
2020-08-27,17.55,0
2020-08-28,12.75,0
2020-08-29,11.850000000000001,0
2020-08-30,12.25,0
2020-08-31,12.25,0
2020-09-01,10.1,0
2020-09-02,10.975,0
2020-09-03,15.45,0
2020-09-04,18.5,0
2020-09-05,24.450000000000003,0
2020-09-06,18.9,0
2020-09-07,17.75,0
2020-09-08,15.25,0
2020-09-09,15.2,0
2020-09-10,24.9,0
2020-09-11,46.099999999999994,1
2020-09-12,54.650000000000006,1
2020-09-13,48.400000000000006,1
2020-09-14,59.400000000000006,1
2020-09-15,64.1,1
2020-09-16,55.6,1
2020-09-17,22.45,0
2020-09-18,24.299999999999997,0
2020-09-19,15.35,0
2020-09-20,18.799999999999997,0
2020-09-21,18.6,0
2020-09-22,21.1,0
2020-09-23,15.2,0
2020-09-24,16.25,0
2020-09-25,16.75,0
2020-09-26,16.0,0
2020-09-27,15.7,0
2020-09-28,18.5,0
2020-09-29,15.95,0
2020-09-30,14.9,0
2020-10-01,21.2,0
2020-10-02,23.1,0
2020-10-03,26.700000000000003,0
2020-10-04,43.6,1
2020-10-05,38.95,1
2020-10-06,33.3,0
2020-10-07,27.200000000000003,0
2020-10-08,20.549999999999997,0
2020-10-09,17.6,0
2020-10-10,13.55,0
2020-10-11,12.0,0
2020-10-12,15.9,0
2020-10-13,15.6,0
2020-10-14,19.549999999999997,0
2020-10-15,22.4,0
2020-10-16,18.65,0
2020-10-17,16.5,0
2020-10-18,24.05,0
2020-10-19,16.75,0
2020-10-20,23.299999999999997,0
2020-10-21,28.450000000000003,0
2020-10-22,12.5,0
2020-10-23,11.65,0
2020-10-24,9.085,0
2020-10-25,7.05,0
2020-10-26,28.95,0
2020-10-27,37.8,1
2020-10-28,22.25,0
2020-10-29,25.65,0
2020-10-30,21.35,0
2020-10-31,24.4,0
2020-11-01,24.45,0
2020-11-02,21.1,0
2020-11-03,31.799999999999997,0
2020-11-04,28.75,0
2020-11-05,16.05,0
2020-11-06,14.0,0
2020-11-07,7.369999999999999,0
2020-11-08,8.44,0
2020-11-09,9.545,0
2020-11-10,12.02,0
2020-11-11,15.6,0
2020-11-12,16.75,0
2020-11-13,20.1,0
2020-11-14,21.549999999999997,0
2020-11-15,19.85,0
2020-11-16,9.225,0
2020-11-17,15.05,0
2020-11-18,8.955,0
2020-11-19,13.9,0
2020-11-20,18.5,0
2020-11-21,24.75,0
2020-11-22,31.200000000000003,0
2020-11-23,20.05,0
2020-11-24,18.5,0
2020-11-25,15.3,0
2020-11-26,21.1,0
2020-11-27,19.75,0
2020-11-28,15.7,0
2020-11-29,12.54,0
2020-11-30,13.29,0
2020-12-01,16.6,0
2020-12-02,21.25,0
2020-12-03,26.85,0
2020-12-04,14.934999999999999,0
2020-12-05,32.5,0
2020-12-06,22.9,0
2020-12-07,22.85,0
2020-12-08,13.75,0
2020-12-09,14.75,0
2020-12-10,15.450000000000001,0
2020-12-11,18.35,0
2020-12-13,9.190000000000001,0
2020-12-14,8.375,0
2020-12-15,14.365000000000002,0
2020-12-16,13.9,0
2020-12-17,18.6,0
2020-12-18,11.1,0
2020-12-19,16.450000000000003,0
2020-12-20,17.494999999999997,0
2020-12-21,15.885000000000002,0
2020-12-22,19.75,0
2020-12-23,26.55,0
2020-12-24,9.435,0
2020-12-25,15.165,0
2020-12-26,25.849999999999998,0
2020-12-27,16.3,0
2020-12-28,8.135,0
2020-12-29,12.82,0
2020-12-30,18.85,0
2020-12-31,29.195,0
2021-01-01,32.5,0
2021-01-02,21.25,0
2021-01-03,20.700000000000003,0
2021-01-04,17.55,0
2021-01-05,21.950000000000003,0
2021-01-06,21.65,0
2021-01-07,18.55,0
2021-01-08,20.9,0
2021-01-09,22.9,0
2021-01-10,11.515,0
2021-01-11,14.2,0
2021-01-12,12.45,0
2021-01-13,14.25,0
2021-01-14,21.1,0
2021-01-15,19.1,0
2021-01-16,23.9,0
2021-01-17,15.509999999999998,0
2021-01-18,16.85,0
2021-01-19,11.77,0
2021-01-20,9.73,0
2021-01-21,10.15,0
2021-01-22,8.26,0
2021-01-23,7.265000000000001,0
2021-01-24,11.8,0
2021-01-25,3.4000000000000004,0
2021-01-26,7.785,0
2021-01-27,7.35,0
2021-01-28,8.28,0
2021-01-29,6.38,0
2021-01-30,12.175,0
2021-01-31,8.825,0
2021-02-01,10.91,0
2021-02-02,10.645,0
2021-02-03,11.75,0
2021-02-04,12.95,0
2021-02-05,15.1,0
2021-02-06,27.0,0
2021-02-07,25.2,0
2021-02-08,16.8,0
2021-02-09,13.8,0
2021-02-10,17.15,0
2021-02-11,20.200000000000003,0
2021-02-12,10.18,0
2021-02-13,8.920000000000002,0
2021-02-14,3.0300000000000002,0
2021-02-15,9.08,0
2021-02-16,8.18,0
2021-02-17,9.415,0
2021-02-18,11.265,0
2021-02-19,13.45,0
2021-02-20,8.03,0
2021-02-21,10.73,0
2021-02-22,8.9,0
2021-02-23,9.825,0
2021-02-24,13.55,0
2021-02-25,14.05,0
2021-02-26,9.055,0
2021-02-28,7.955,0
2021-03-01,6.324999999999999,0
2021-03-02,8.645,0
2021-03-03,8.615,0
2021-03-04,9.934999999999999,0
2021-03-05,12.3,0
2021-03-06,10.885,0
2021-03-07,10.17,0
2021-03-08,7.225,0
2021-03-09,10.15,0
2021-03-10,4.27,0
2021-03-11,5.635,0
2021-03-12,8.205,0
2021-03-13,14.25,0
2021-03-14,11.65,0
2021-03-15,4.77,0
2021-03-16,6.9399999999999995,0
2021-03-17,10.7,0
2021-03-18,12.04,0
2021-03-19,10.01,0
2021-03-20,8.905,0
2021-03-21,11.45,0
2021-03-22,10.02,0
2021-03-23,9.315000000000001,0
2021-03-24,7.365,0
2021-03-25,9.47,0
2021-03-26,8.465,0
2021-03-27,13.1,0
2021-03-28,8.725,0
2021-03-29,13.35,0
2021-03-30,16.4,0
2021-03-31,18.2,0
2021-04-01,8.33,0
2021-04-02,13.4,0
2021-04-03,18.4,0
2021-04-04,15.4,0
2021-04-05,13.100000000000001,0
2021-04-06,14.25,0
2021-04-07,15.6,0
2021-04-08,14.55,0
2021-04-09,11.0,0
2021-04-13,14.4,0
2021-04-14,13.950000000000001,0
2021-04-15,15.0,0
2021-04-16,14.3,0
2021-04-17,19.5,0
2021-04-18,14.0,0
2021-04-19,14.8,0
2021-04-20,18.4,0
2021-04-21,8.745,0
2021-04-22,9.175,0
2021-04-23,12.25,0
2021-04-24,11.6,0
2021-04-27,8.525,0
2021-04-28,12.600000000000001,0
2021-04-29,15.450000000000001,0
2021-04-30,16.450000000000003,0
2021-05-01,15.649999999999999,0
2021-05-02,13.25,0
2021-05-03,16.85,0
2021-05-04,20.85,0
2021-05-05,21.7,0
2021-05-06,18.2,0
2021-05-07,14.45,0
2021-05-08,14.05,0
2021-05-09,16.5,0
2021-05-10,14.9,0
2021-05-11,17.5,0
2021-05-12,15.55,0
2021-05-13,12.0,0
2021-05-14,13.425,0
2021-05-15,9.64,0
2021-05-16,5.83,0
2021-05-17,7.68,0
2021-05-18,10.32,0
2021-05-19,14.25,0
2021-05-20,15.25,0
2021-05-21,12.120000000000001,0
2021-05-22,13.5,0
2021-05-24,12.9,0
2021-05-25,15.100000000000001,0
2021-05-27,18.3,0
2021-05-28,17.1,0
2021-05-29,14.55,0
2021-05-30,11.8,0
2021-05-31,14.25,0
2021-06-01,10.175,0
2021-06-02,15.649999999999999,0
2021-06-03,13.2,0
2021-06-04,12.455,0
2021-06-05,10.870000000000001,0
2021-06-06,8.635,0
2021-06-07,7.345,0
2021-06-08,6.880000000000001,0
2021-06-10,10.075,0
2021-06-11,14.05,0
2021-06-12,15.5,0
2021-06-13,12.085,0
2021-06-14,12.07,0
2021-06-15,16.0,0
2021-06-17,17.75,0
2021-06-18,17.3,0
2021-06-19,17.7,0
2021-06-20,14.850000000000001,0
2021-06-21,15.0,0
2021-06-22,9.745000000000001,0
2021-06-23,8.31,0
2021-06-24,6.135,0
2021-06-25,8.07,0
2021-06-26,14.15,0
2021-06-27,17.95,0
2021-06-28,19.4,0
2021-06-29,13.145,0
2021-06-30,11.615,0
2021-07-01,11.485,0
2021-07-02,14.05,0
2021-07-03,13.6,0
2021-07-04,14.75,0
2021-07-05,25.700000000000003,0
2021-07-06,13.75,0
2021-07-07,15.0,0
2021-07-08,17.15,0
2021-07-09,18.25,0
2021-07-12,15.350000000000001,0
2021-07-13,17.5,0
2021-07-14,14.350000000000001,0
2021-07-15,11.49,0
2021-07-16,13.1,0
2021-07-17,14.45,0
2021-07-18,13.85,0
2021-07-19,14.15,0
2021-07-20,15.0,0
2021-07-21,18.7,0
2021-07-22,19.45,0
2021-07-23,20.7,0
2021-07-24,18.7,0
2021-07-25,17.4,0
2021-08-03,10.3,0
2021-08-04,10.5,0
2021-08-05,12.8,0
2021-08-06,16.3,0
2021-08-07,14.95,0
2021-08-08,15.05,0
2021-08-09,13.2,0
2021-08-10,12.95,0
2021-08-11,12.25,0
2021-08-12,13.45,0
2021-08-13,10.649999999999999,0
2021-08-14,12.95,0
2021-08-15,12.45,0
2021-08-16,13.45,0
2021-08-17,11.7,0
2021-08-18,8.28,0
2021-08-20,8.25,0
2021-08-21,9.11,0
2021-08-22,15.2,0
2021-08-23,15.25,0
2021-08-24,12.9,0
2021-08-25,15.100000000000001,0
2021-08-26,20.2,0
2021-08-27,18.55,0
2021-08-28,17.25,0
2021-08-29,15.05,0
2021-08-30,15.5,0
2021-08-31,20.65,0
2021-09-01,17.1,0
2021-09-02,13.55,0
2021-09-03,19.049999999999997,0
2021-09-04,18.4,0
2021-09-05,17.5,0
2021-09-06,19.15,0
2021-09-07,17.65,0
2021-09-08,18.2,0
2021-09-09,12.95,0
2021-09-10,10.600000000000001,0
2021-09-11,12.45,0
2021-09-12,13.55,0
2021-09-13,13.899999999999999,0
2021-09-14,17.0,0
2021-09-15,17.25,0
2021-09-16,14.2,0
2021-09-17,13.6,0
2021-09-18,11.3,0
2021-09-19,15.35,0
2021-09-20,14.5,0
2021-09-21,14.9,0
2021-09-22,11.55,0
2021-09-23,12.75,0
2021-09-24,15.850000000000001,0
2021-09-25,12.15,0
2021-09-26,12.75,0
2021-09-27,9.63,0
2021-09-28,8.235,0
2021-09-29,10.2,0
2021-09-30,13.5,0
2021-10-01,13.149999999999999,0
2021-10-02,12.5,0
2021-10-03,13.7,0
2021-10-04,16.9,0
2021-10-05,8.825,0
2021-10-06,13.8,0
2021-10-07,10.14,0
2021-10-08,5.699999999999999,0
2021-10-09,8.96,0
2021-10-10,12.85,0
2021-10-11,16.7,0
2021-10-12,7.925000000000001,0
2021-10-13,13.05,0
2021-10-14,17.799999999999997,0
2021-10-15,12.6,0
2021-10-16,10.43,0
2021-10-17,12.0,0
2021-10-18,6.890000000000001,0
2021-10-19,7.609999999999999,0
2021-10-20,10.95,0
2021-10-21,11.95,0
2021-10-22,12.3,0
2021-10-23,7.87,0
2021-10-24,8.88,0
2021-10-25,6.455,0
2021-10-26,9.440000000000001,0
2021-10-27,11.844999999999999,0
2021-10-28,14.635000000000002,0
2021-10-29,15.850000000000001,0
2021-10-30,15.950000000000001,0
2021-10-31,14.7,0
2021-11-01,19.75,0
2021-11-02,13.850000000000001,0
2021-11-03,21.4,0
2021-11-04,30.35,0
2021-11-05,35.05,0
2021-11-06,44.6,1
2021-11-07,41.1,1
2021-11-08,21.5,0
2021-11-09,15.450000000000001,0
2021-11-10,22.200000000000003,0
2021-11-11,13.315,0
2021-11-12,12.799999999999999,0
2021-11-13,12.375,0
2021-11-14,17.3,0
2021-11-15,18.15,0
2021-11-16,24.75,0
2021-11-17,23.4,0
2021-11-18,23.45,0
2021-11-19,33.75,0
2021-11-20,45.65,1
2021-11-21,20.15,0
2021-11-22,6.725,0
2021-11-23,10.57,0
2021-11-24,13.649999999999999,0
2021-11-25,15.899999999999999,0
2021-11-26,13.35,0
2021-11-27,16.5,0
2021-11-28,18.4,0
2021-11-29,27.7,0
2021-11-30,30.05,0
2021-12-01,36.85,1
2021-12-02,33.05,0
2021-12-03,43.900000000000006,1
2021-12-04,34.1,0
2021-12-05,35.0,0
2021-12-06,33.95,0
2021-12-07,19.4,0
2021-12-08,18.95,0
2021-12-09,6.15,0
2021-12-10,13.61,0
2021-12-11,13.73,0
2021-12-12,18.950000000000003,0
2021-12-13,14.65,0
2021-12-14,3.37,0
2021-12-15,11.835,0
2021-12-16,12.525,0
2021-12-17,15.85,0
2021-12-18,16.015,0
2021-12-19,22.8,0
2021-12-20,29.75,0
2021-12-21,20.8,0
2021-12-22,26.05,0
2021-12-23,10.865,0
2021-12-24,10.14,0
2021-12-25,11.035,0
2021-12-26,6.029999999999999,0
2021-12-27,9.375,0
2021-12-28,11.555,0
2021-12-29,6.6899999999999995,0
2021-12-30,3.33,0
2021-12-31,15.69,0
2022-01-01,24.6,0
2022-01-02,8.0,0
2022-01-03,11.25,0
2022-01-04,17.3,0
2022-01-05,26.950000000000003,0
2022-01-06,27.200000000000003,0
2022-01-07,23.4,0
2022-01-08,18.0,0
2022-01-09,18.65,0
2022-01-10,8.74,0
2022-01-11,7.855,0
2022-01-12,9.309999999999999,0
2022-01-13,18.6,0
2022-01-14,21.75,0
2022-01-15,15.675,0
2022-01-16,8.32,0
2022-01-17,9.879999999999999,0
2022-01-18,8.969999999999999,0
2022-01-19,17.15,0
2022-01-20,13.185,0
2022-01-21,11.6,0
2022-01-22,8.51,0
2022-01-23,16.555,0
2022-01-24,14.1,0
2022-01-25,15.600000000000001,0
2022-01-26,15.8,0
2022-01-27,16.1,0
2022-01-28,11.2,0
2022-01-29,10.93,0
2022-01-30,17.445,0
2022-01-31,19.95,0
2022-02-01,19.15,0
2022-02-02,15.049999999999999,0
2022-02-03,13.080000000000002,0
2022-02-04,13.83,0
2022-02-05,11.46,0
2022-02-06,18.845,0
2022-02-07,10.845,0
2022-02-08,8.47,0
2022-02-09,13.9,0
2022-02-10,11.6,0
2022-02-11,13.7,0
2022-02-12,13.24,0
2022-02-13,12.455,0
2022-02-14,17.85,0
2022-02-15,7.485,0
2022-02-16,8.83,0
2022-02-17,6.521794871794872,0
2022-02-18,7.478076923076922,0
2022-02-19,8.805128205128204,0
2022-02-20,15.025897435897436,0
2022-02-21,9.040384615384616,0
2022-02-22,4.923333333333333,0
2022-02-23,4.313846153846154,0
2022-02-24,6.3533333333333335,0
2022-02-25,8.461153846153847,0
2022-02-26,10.47525641025641,0
2022-02-27,8.183461538461538,0
2022-02-28,8.339367088607593,0
2022-03-01,7.986962025316456,0
2022-03-02,11.354102564102565,0
2022-03-03,17.660249999999998,0
2022-03-04,5.6000000000000005,0
2022-03-05,5.794605263157894,0
2022-03-06,6.8314473684210535,0
2022-03-07,8.39945945945946,0
2022-03-08,7.460540540540541,0
2022-03-09,8.669459459459459,0
2022-03-10,10.036351351351351,0
2022-03-11,8.119605263157895,0
2022-03-12,7.435270270270271,0
2022-03-13,9.159459459459459,0
2022-03-14,8.994931506849316,0
2022-03-15,10.611506849315068,0
2022-03-16,6.498356164383561,0
2022-03-17,8.188219178082193,0
2022-03-18,9.135616438356164,0
2022-03-19,8.10945205479452,0
2022-03-20,4.594520547945205,0
2022-03-21,7.974109589041096,0
2022-03-22,8.22958904109589,0
2022-03-23,6.851408450704225,0
2022-03-24,8.320675675675677,0
2022-03-25,11.97445945945946,0
2022-03-26,15.990135135135136,0
2022-03-27,9.266621621621622,0
2022-03-28,4.141486486486487,0
2022-03-29,5.54054054054054,0
2022-03-30,8.378243243243244,0
2022-03-31,8.761891891891892,0
2022-04-01,11.451216216216215,0
2022-04-02,10.902432432432432,0
2022-04-03,8.121081081081082,0
2022-04-04,11.901486486486487,0
2022-04-05,11.29013698630137,0
2022-04-06,11.745479452054793,0
2022-04-07,9.265205479452055,0
2022-04-08,8.064246575342466,0
2022-04-09,11.517671232876712,0
2022-04-10,13.160138888888888,0
2022-04-11,9.925277777777778,0
2022-04-12,5.604722222222223,0
2022-04-13,6.992465753424657,0
2022-04-14,7.37,0
2022-04-15,7.203972602739726,0
2022-04-16,5.073561643835617,0
2022-04-17,6.52986301369863,0
2022-04-18,8.112602739726027,0
2022-04-19,6.27986301369863,0
2022-04-20,5.431917808219178,0
2022-04-21,5.496712328767123,0
2022-04-22,5.472191780821918,0
2022-04-23,7.0041095890410965,0
2022-04-24,7.172739726027397,0
2022-04-25,7.962191780821918,0
2022-04-26,10.01904109589041,0
2022-04-27,12.655479452054795,0
2022-04-28,11.117123287671232,0
2022-04-29,11.262191780821917,0
2022-04-30,12.601917808219179,0
2022-05-01,12.645616438356164,0
2022-05-02,10.761095890410958,0
2022-05-03,10.168904109589041,0
2022-05-04,12.573424657534247,0
2022-05-05,14.517123287671232,0
2022-05-06,12.96054794520548,0
2022-05-07,9.096301369863014,0
2022-05-08,8.370547945205479,0
2022-05-09,7.0887671232876714,0
2022-05-10,6.523424657534246,0
2022-05-11,5.650821917808219,0
2022-05-12,6.536575342465754,0
2022-05-13,7.746027397260274,0
2022-05-14,8.522191780821919,0
2022-05-15,8.793013698630137,0
2022-05-16,11.124520547945206,0
2022-05-17,9.78027397260274,0
2022-05-18,12.315205479452054,0
2022-05-19,14.480547945205478,0
2022-05-20,6.402191780821918,0
2022-05-21,5.992876712328767,0
2022-05-22,9.367945205479453,0
2022-05-23,12.85054794520548,0
2022-05-24,15.9586301369863,0
2022-05-25,19.511232876712327,0
2022-05-26,15.39054794520548,0
2022-05-27,5.689027777777778,0
2022-05-28,6.950821917808219,0
2022-05-29,6.913835616438356,0
2022-05-30,9.018493150684932,0
2022-05-31,10.109315068493151,0
2022-06-01,10.612602739726027,0
2022-06-02,12.052222222222222,0
2022-06-03,11.795555555555556,0
2022-06-04,8.39875,0
2022-06-05,7.0593055555555555,0
2022-06-06,6.776944444444444,0
2022-06-07,11.799444444444443,0
2022-06-08,15.065138888888889,0
2022-06-09,18.060833333333335,0
2022-06-10,20.850133333333332,0
2022-06-11,14.390133333333333,0
2022-06-12,14.980799999999999,0
2022-06-13,8.112666666666668,0
2022-06-14,9.207600000000001,0
2022-06-15,13.213066666666666,0
2022-06-16,15.817466666666666,0
2022-06-17,10.204266666666667,0
2022-06-18,6.647200000000001,0
2022-06-19,7.2564,0
2022-06-20,8.736933333333333,0
2022-06-21,10.412666666666667,0
2022-06-22,10.9044,0
2022-06-23,10.492933333333333,0
2022-06-24,12.1268,0
2022-06-25,13.86,0
2022-06-26,8.631388888888889,0
2022-06-27,11.664444444444445,0
2022-06-28,11.838219178082193,0
2022-06-29,12.898082191780821,0
2022-06-30,13.47835616438356,0
2022-07-01,11.906849315068493,0
2022-07-02,9.061369863013699,0
2022-07-03,7.654657534246575,0
2022-07-04,15.002191780821919,0
2022-07-05,15.558767123287671,0
2022-07-06,5.27054794520548,0
2022-07-07,5.5494520547945205,0
2022-07-08,9.463150684931508,0
2022-07-09,12.486986301369862,0
2022-07-10,8.613424657534246,0
2022-07-11,11.164109589041097,0
2022-07-12,11.869315068493151,0
2022-07-13,9.344246575342465,0
2022-07-14,7.362328767123288,0
2022-07-15,10.448630136986301,0
2022-07-16,12.381506849315068,0
2022-07-17,10.919315068493152,0
2022-07-18,8.816849315068493,0
2022-07-19,8.812876712328768,0
2022-07-20,9.518493150684932,0
2022-07-21,9.03027397260274,0
2022-07-22,11.197945205479453,0
2022-07-23,11.404246575342466,0
2022-07-24,12.845,0
2022-07-25,13.13375,0
2022-07-26,6.7938888888888895,0
2022-07-27,10.043888888888889,0
2022-07-28,7.775833333333334,0
2022-07-29,7.575972222222223,0
2022-07-30,7.9863888888888885,0
2022-07-31,7.304722222222223,0
2022-08-01,7.223888888888889,0
2022-08-02,6.7686111111111105,0
2022-08-03,8.11625,0
2022-08-04,8.815,0
2022-08-05,6.942777777777778,0
2022-08-06,6.703888888888889,0
2022-08-07,7.495277777777777,0
2022-08-08,7.966944444444445,0
2022-08-09,7.660277777777777,0
2022-08-10,7.5375000000000005,0
2022-08-11,7.3180555555555555,0
2022-08-12,8.264861111111111,0
2022-08-13,9.316666666666666,0
2022-08-14,9.777777777777779,0
2022-08-15,9.8625,0
2022-08-16,9.264722222222222,0
2022-08-17,7.422361111111111,0
2022-08-18,8.56861111111111,0
2022-08-19,9.688194444444443,0
2022-08-20,10.585277777777778,0
2022-08-21,10.580972222222222,0
2022-08-22,9.971666666666668,0
2022-08-23,14.397916666666667,0
2022-08-24,12.081527777777778,0
2022-08-25,9.523333333333333,0
2022-08-26,11.117222222222221,0
2022-08-27,9.39013888888889,0
2022-08-28,8.090277777777779,0
2022-08-29,9.320555555555556,0
2022-08-30,12.459722222222222,0
2022-08-31,12.00849315068493,0
2022-09-01,12.802876712328768,0
2022-09-02,11.917123287671233,0
2022-09-03,10.983287671232876,0
2022-09-04,9.876849315068492,0
2022-09-05,9.002191780821917,0
2022-09-06,9.195342465753425,0
2022-09-07,10.137534246575342,0
2022-09-08,9.896575342465754,0
2022-09-09,7.768082191780823,0
2022-09-10,6.866315068493151,0
2022-09-11,5.174383561643836,0
2022-09-12,5.85068493150685,0
2022-09-13,11.233972602739726,0
2022-09-14,8.72027397260274,0
2022-09-15,8.627534246575342,0
2022-09-16,11.274657534246575,0
2022-09-17,10.886575342465754,0
2022-09-18,7.626986301369863,0
2022-09-19,5.013835616438356,0
2022-09-20,4.363835616438356,0
2022-09-21,4.457808219178083,0
2022-09-22,5.749315068493151,0
2022-09-23,7.538630136986301,0
2022-09-24,7.338082191780821,0
2022-09-25,9.081917808219178,0
2022-09-26,9.34041095890411,0
2022-09-27,10.003150684931507,0
2022-09-28,10.743013698630136,0
2022-09-29,14.512191780821919,0
2022-09-30,10.673287671232876,0
2022-10-01,7.9626027397260275,0
2022-10-02,10.11876712328767,0
2022-10-03,8.333945205479452,0
2022-10-04,10.585479452054795,0
2022-10-05,18.183561643835617,0
2022-10-06,20.930410958904112,0
2022-10-07,22.516712328767124,0
2022-10-08,23.00986301369863,0
2022-10-09,18.175205479452053,0
2022-10-10,16.957808219178084,0
2022-10-11,13.206164383561644,0
2022-10-12,11.587534246575343,0
2022-10-13,20.86027397260274,0
2022-10-14,12.384657534246577,0
2022-10-15,7.390684931506849,0
2022-10-16,7.287534246575342,0
2022-10-17,9.370958904109589,0
2022-10-18,11.093424657534248,0
2022-10-19,8.413561643835617,0
2022-10-20,8.586438356164383,0
2022-10-21,16.24241095890411,0
2022-10-22,10.227285714285713,0
2022-10-23,6.26,0
2022-10-24,5.168285714285714,0
2022-10-25,6.4841428571428565,0
2022-10-26,7.054142857142858,0
2022-10-27,9.528857142857143,0
2022-10-28,12.270714285714286,0
2022-10-29,11.449154929577464,0
2022-10-30,10.841857142857142,0
2022-10-31,13.341571428571427,0
2022-11-01,12.555857142857143,0
2022-11-02,5.559722222222223,0
2022-11-03,4.359154929577465,0
2022-11-04,5.729718309859155,0
2022-11-05,9.029295774647888,0
2022-11-06,12.164366197183098,0
2022-11-07,8.23450704225352,0
2022-11-08,4.180555555555555,0
2022-11-09,4.837042253521127,0
2022-11-10,6.4105633802816895,0
2022-11-11,7.612676056338028,0
2022-11-12,9.027323943661973,0
2022-11-13,8.88056338028169,0
2022-11-14,9.07492957746479,0
2022-11-15,9.174931506849315,0
2022-11-16,8.079863013698631,0
2022-11-17,7.78972602739726,0
2022-11-18,12.91876712328767,0
2022-11-19,13.576164383561643,0
2022-11-20,8.286849315068492,0
2022-11-21,7.127808219178083,0
2022-11-22,7.663013698630136,0
2022-11-23,25.625068493150682,0
2022-11-24,18.505616438356167,0
2022-11-25,9.084109589041097,0
2022-11-26,11.686849315068493,0
2022-11-27,20.53890410958904,0
2022-11-28,15.92958904109589,0
2022-11-29,10.745479452054793,0
2022-11-30,9.146849315068494,0
2022-12-01,4.8161643835616434,0
2022-12-02,6.743561643835616,0
2022-12-03,9.028493150684932,0
2022-12-04,10.960684931506849,0
2022-12-05,5.355753424657535,0
2022-12-06,6.447397260273973,0
2022-12-07,8.263150684931507,0
2022-12-08,7.945205479452055,0
2022-12-09,11.578082191780823,0
2022-12-10,11.087945205479452,0
2022-12-11,3.8615068493150684,0
2022-12-12,5.046027397260274,0
2022-12-13,9.45931506849315,0
2022-12-14,12.047534246575342,0
2022-12-15,12.869041095890411,0
2022-12-16,9.378493150684932,0
2022-12-17,8.531643835616437,0
2022-12-18,11.69013698630137,0
2022-12-19,18.679014084507042,0
2022-12-20,11.872112676056338,0
2022-12-21,13.874366197183098,0
2022-12-22,13.84112676056338,0
2022-12-23,24.56142857142857,0
2022-12-24,21.257323943661973,0
2022-12-25,12.446338028169015,0
2022-12-26,9.426901408450703,0
2022-12-27,14.881830985915492,0
2022-12-28,11.941267605633803,0
2022-12-29,6.80774647887324,0
2022-12-30,7.2488732394366195,0
2022-12-31,4.712253521126761,0
2023-01-01,5.05774647887324,0
2023-01-02,6.428028169014084,0
2023-01-03,4.100845070422536,0
2023-01-04,4.210281690140845,0
2023-01-05,5.525211267605634,0
2023-01-06,8.061267605633804,0
2023-01-07,8.574225352112675,0
2023-01-08,13.674647887323943,0
2023-01-09,5.753380281690141,0
2023-01-10,5.02774647887324,0
2023-01-11,8.000845070422534,0
2023-01-15,4.770281690140845,0
2023-01-16,3.507042253521127,0
2023-01-17,4.022816901408451,0
2023-01-18,6.457605633802817,0
2023-01-19,8.674788732394365,0
2023-01-20,9.125211267605634,0
2023-01-21,9.20056338028169,0
2023-01-22,10.626478873239437,0
2023-01-23,5.632112676056338,0
2023-01-24,7.918591549295775,0
2023-01-25,11.43661971830986,0
2023-01-26,8.640985915492958,0
2023-01-27,9.065211267605633,0
2023-01-28,9.98557142857143,0
2023-01-29,5.061857142857143,0
2023-01-30,5.074927536231884,0
2023-01-31,10.408115942028985,0
2023-02-01,7.9074285714285715,0
2023-02-13,6.293,0
2023-02-14,6.447571428571428,0
2023-02-15,4.775,0
2023-03-18,8.154333333333334,0
2023-03-19,9.137,0
2023-03-20,5.877,0
2023-03-21,4.251142857142857,0
2023-03-22,4.306714285714286,0
2023-03-23,5.587571428571429,0
2023-03-24,5.112857142857142,0
2023-03-25,6.220428571428571,0
2023-03-26,7.217428571428572,0
2023-03-27,7.848428571428571,0
2023-03-28,6.895714285714286,0
2023-03-29,4.766,0
2023-03-30,3.757285714285714,0
2023-03-31,7.630714285714285,0
2023-04-01,8.145714285714286,0
2023-04-02,10.121428571428572,0
2023-04-03,4.951285714285714,0
2023-04-04,4.553,0
2023-04-05,6.58,0
2023-04-06,7.194285714285715,0
2023-04-07,7.848714285714285,0
2023-04-08,7.436,0
2023-04-09,13.959428571428571,0
2023-04-10,18.472571428571428,0
2023-04-11,24.41142857142857,0
2023-04-12,9.453714285714286,0
2023-04-13,8.370571428571429,0
2023-04-14,7.778428571428572,0
2023-04-15,9.211142857142857,0
2023-04-16,10.119285714285715,0
2023-04-17,13.153,0
2023-04-18,8.554285714285713,0
2023-04-19,7.7415942028985505,0
2023-04-20,8.643623188405797,0
2023-04-21,9.121571428571428,0
2023-04-22,8.343714285714285,0
2023-04-23,11.18742857142857,0
2023-04-24,11.847,0
2023-04-25,9.378405797101449,0
2023-04-26,14.921304347826085,0
2023-04-27,19.407246376811592,0
2023-04-28,20.442028985507246,0
2023-04-29,19.343478260869567,0
2023-04-30,17.350144927536235,0
2023-05-01,5.256666666666666,0
2023-05-02,3.796811594202899,0
2023-05-03,4.48,0
2023-05-04,3.286521739130435,0
2023-05-05,3.8265217391304343,0
2023-05-06,4.817971014492754,0
2023-05-07,5.433768115942029,0
2023-05-08,7.479142857142857,0
2023-05-09,6.987857142857143,0
2023-05-10,5.562142857142858,0
2023-05-11,7.394000000000001,0
2023-05-12,10.500869565217391,0
2023-05-13,16.812898550724636,0
2023-05-14,13.698260869565217,0
2023-05-15,16.960289855072464,0
2023-05-16,11.37304347826087,0
2023-05-17,14.12927536231884,0
2023-05-18,15.911884057971015,0
2023-05-19,14.986376811594202,0
2023-05-20,14.184782608695652,0
2023-05-21,13.788840579710145,0
2023-05-22,13.660428571428572,0
2023-05-23,7.575571428571428,0
2023-05-24,6.658142857142857,0
2023-05-25,5.5321428571428575,0
2023-05-26,4.905714285714286,0
2023-05-27,6.59,0
2023-05-28,9.22,0
2023-05-29,5.77,0
2023-05-30,6.67,0
2023-05-31,3.9,0
2023-06-01,8.15,0
2023-06-02,10.2,0
2023-06-03,12.2,0
2023-06-04,15.4,0
2023-06-05,8.91,0
2023-06-06,5.84,0
2023-06-07,4.8,0
2023-06-08,4.71,0
2023-06-09,6.63,0
2023-06-10,9.31,0
2023-06-11,3.9,0
2023-06-12,4.790588235294117,0
2023-06-13,5.353676470588235,0
2023-06-14,8.188235294117646,0
2023-06-15,6.690434782608696,0
2023-06-16,8.35449275362319,0
2023-06-17,10.691159420289855,0
2023-06-18,11.145217391304348,0
2023-06-19,7.571739130434783,0
2023-06-20,7.653913043478261,0
2023-06-21,7.8179710144927546,0
2023-06-22,8.669710144927537,0
2023-06-23,6.963333333333334,0
2023-06-24,6.949710144927536,0
2023-06-25,9.740289855072465,0
2023-06-26,8.679710144927537,0
2023-06-27,9.878405797101449,0
2023-06-28,9.55376811594203,0
2023-06-29,11.229420289855073,0
2023-06-30,15.723142857142856,0
2023-07-01,18.405142857142856,0
2023-07-02,16.937142857142856,0
2023-07-03,15.645285714285714,0
2023-07-04,21.11695652173913,0
2023-07-05,20.439710144927535,0
2023-07-06,13.618970588235294,0
2023-07-07,10.057058823529411,0
2023-07-08,11.18235294117647,0
2023-07-09,11.605588235294118,0
2023-07-10,8.481470588235295,0
2023-07-11,11.498970588235295,0
2023-07-12,8.799264705882353,0
2023-07-13,6.983088235294118,0
2023-07-14,7.7702898550724635,0
2023-07-15,11.000144927536232,0
2023-07-16,11.951449275362318,0
2023-07-17,11.735507246376812,0
2023-07-18,9.314202898550723,0
2023-07-19,8.709565217391305,0
2023-07-20,10.82463768115942,0
2023-07-21,12.630882352941176,0
2023-07-22,15.408382352941176,0
2023-07-23,13.323823529411765,0
2023-07-24,12.405147058823529,0
2023-07-25,12.289117647058823,0
2023-07-26,10.164558823529413,0
2023-07-27,10.000441176470588,0
2023-07-28,12.807647058823528,0
2023-07-29,15.7875,0
2023-07-30,14.97014705882353,0
2023-07-31,12.658088235294118,0
2023-08-01,13.28279411764706,0
2023-08-02,9.648088235294118,0
2023-08-03,8.437794117647059,0
2023-08-04,9.082794117647058,0
2023-08-05,10.20455882352941,0
2023-08-06,14.16529411764706,0
2023-08-07,19.050882352941176,0
2023-08-08,10.983088235294119,0
2023-08-09,10.211764705882352,0
2023-08-10,7.487794117647059,0
2023-08-11,8.360294117647058,0
2023-08-12,10.490735294117647,0
2023-08-13,9.910735294117647,0
2023-08-14,11.550882352941176,0
2023-08-15,11.691029411764706,0
2023-08-16,9.046764705882353,0
2023-08-17,11.811764705882354,0
2023-08-18,12.103823529411764,0
2023-08-19,7.686029411764705,0
2023-08-20,5.141470588235294,0
2023-08-21,5.671764705882353,0
2023-08-22,7.623823529411764,0
2023-08-23,9.946323529411766,0
2023-08-24,13.716764705882353,0
2023-08-25,10.64,0
2023-08-26,10.85514705882353,0
2023-08-27,12.835147058823528,0
2023-08-28,12.944264705882354,0
2023-08-29,13.293823529411766,0
2023-08-30,14.121911764705882,0
2023-08-31,15.740441176470586,0
2023-09-01,14.246029411764706,0
2023-09-02,8.344117647058823,0
2023-09-03,7.3374999999999995,0
2023-09-04,8.294705882352941,0
2023-09-05,8.943970588235295,0
2023-09-06,8.790882352941177,0
2023-09-07,10.943676470588235,0
2023-09-08,11.500294117647059,0
2023-09-09,9.665522388059703,0
2023-09-10,9.406567164179105,0
2023-09-11,10.418823529411766,0
2023-09-12,8.804328358208956,0
2023-09-13,10.29910447761194,0
2023-09-14,10.74179104477612,0
2023-09-15,12.82089552238806,0
2023-09-16,11.274477611940299,0
2023-09-17,8.1855223880597,0
2023-09-18,8.151940298507462,0
2023-09-19,11.078059701492538,0
2023-09-20,10.773939393939395,0
2023-09-21,18.596969696969698,0
2023-09-22,23.684848484848487,0
2023-09-23,25.37121212121212,0
2023-09-24,28.025757575757577,0
2023-09-25,23.104545454545455,0
2023-09-26,12.691818181818181,0
2023-09-27,10.248787878787878,0
2023-09-28,12.864545454545453,0
2023-09-29,10.381969696969698,0
2023-09-30,5.918787878787879,0
2023-10-01,5.990151515151515,0
2023-10-02,7.33530303030303,0
2023-10-03,9.913181818181817,0
2023-10-04,9.501363636363637,0
2023-10-05,8.057272727272727,0
2023-10-06,8.82409090909091,0
2023-10-07,13.08,0
2023-10-08,16.445454545454545,0
2023-10-09,20.57272727272727,0
2023-10-10,9.947727272727272,0
2023-10-11,7.367121212121212,0
2023-10-12,8.291060606060606,0
2023-10-13,10.03621212121212,0
2023-10-14,10.831212121212122,0
2023-10-15,9.003030303030304,0
2023-10-16,9.563939393939394,0
2023-10-17,18.85090909090909,0
2023-10-18,21.39848484848485,0
2023-10-19,18.312575757575758,0
2023-10-20,13.595303030303029,0
2023-10-21,9.248787878787878,0
2023-10-22,6.220303030303031,0
2023-10-23,5.591818181818182,0
2023-10-24,8.436666666666667,0
2023-10-25,7.46939393939394,0
2023-10-26,7.642727272727273,0
2023-10-27,9.868333333333332,0
2023-10-28,10.42969696969697,0
2023-10-29,8.74439393939394,0
2023-10-30,8.023636363636363,0
2023-10-31,7.758636363636365,0
2023-11-01,7.258787878787879,0
2023-11-02,9.111666666666666,0
2023-11-03,14.955757575757577,0
2023-11-04,20.21060606060606,0
2023-11-05,22.709090909090907,0
2023-11-06,13.867121212121212,0
2023-11-07,6.282272727272727,0
2023-11-08,6.9769696969696975,0
2023-11-09,7.915454545454545,0
2023-11-10,9.155000000000001,0
2023-11-11,11.722878787878788,0
2023-11-12,9.177272727272728,0
2023-11-13,12.729393939393939,0
2023-11-14,11.684848484848485,0
2023-11-15,10.148939393939395,0
2023-11-16,9.497272727272728,0
2023-11-17,12.013636363636364,0
2023-11-18,7.117272727272727,0
2023-11-19,4.973787878787879,0
2023-11-20,7.617121212121212,0
2023-11-21,6.821060606060606,0
2023-11-22,6.261060606060607,0
2023-11-23,7.540757575757576,0
2023-11-24,8.772575757575758,0
2023-11-25,9.834242424242424,0
2023-11-26,6.7695454545454545,0
2023-11-27,6.363333333333333,0
2023-11-28,7.206060606060606,0
2023-11-29,6.848484848484849,0
2023-11-30,8.256363636363636,0
2023-12-01,5.966212121212121,0
2023-12-02,10.312424242424242,0
2023-12-03,23.452727272727273,0
2023-12-04,15.354393939393939,0
2023-12-05,7.808333333333334,0
2023-12-06,9.907272727272726,0
2023-12-07,11.483181818181817,0
2023-12-08,9.321969696969697,0
2023-12-09,8.622121212121211,0
2023-12-10,7.006666666666667,0
2023-12-11,10.958787878787879,0
2023-12-12,17.622272727272726,0
2023-12-13,17.50378787878788,0
2023-12-14,11.417575757575756,0
2023-12-15,7.278787878787878,0
2023-12-16,8.316969696969696,0
2023-12-17,9.512121212121212,0
2023-12-18,12.008333333333333,0
2023-12-19,20.697575757575756,0
2023-12-20,12.438030303030303,0
2023-12-21,3.774242424242424,0
2023-12-22,4.18,0
2023-12-23,10.97242424242424,0
2023-12-24,19.396212121212123,0
2023-12-25,26.296363636363637,0
2023-12-26,25.534848484848485,0
2023-12-27,21.446969696969695,0
2023-12-28,23.837878787878786,0
2023-12-29,20.901515151515152,0
2023-12-30,10.696818181818182,0
2023-12-31,12.648181818181818,0
2024-01-01,17.065151515151513,0
2024-01-02,10.879696969696969,0
2024-01-03,10.125151515151515,0
2024-01-04,5.11560606060606,0
2024-01-05,7.624307692307692,0
2024-01-06,9.294923076923077,0
2024-01-07,4.399384615384615,0
2024-01-08,5.725538461538462,0
2024-01-09,8.12,0
2024-01-10,9.31246153846154,0
2024-01-11,4.882923076923077,0
2024-01-12,7.351384615384615,0
2024-01-13,12.31953846153846,0
2024-01-14,17.940923076923077,0
2024-01-15,27.01230769230769,0
2024-01-16,26.646153846153847,0
2024-01-17,22.195384615384615,0
2024-01-18,19.153846153846153,0
2024-01-19,18.410769230769233,0
2024-01-20,10.524923076923077,0
2024-01-21,7.257076923076923,0
2024-01-22,4.815538461538462,0
2024-01-23,9.096615384615385,0
2024-01-24,7.638,0
2024-01-25,6.780307692307693,0
2024-01-26,9.655692307692307,0
2024-01-27,8.178446153846155,0
2024-01-28,8.110615384615386,0
2024-01-29,6.920461538461538,0
2024-01-30,9.953538461538463,0
2024-01-31,15.686461538461538,0
2024-02-01,5.139230769230769,0
2024-02-02,5.172153846153846,0
2024-02-03,5.2234375,0
2024-02-04,3.6478125,0
2024-02-05,3.72596875,0
2024-02-06,5.809640625,0
2024-02-07,6.482153846153847,0
2024-02-08,3.801846153846154,0
2024-02-09,4.775846153846154,0
2024-02-10,6.41015625,0
2024-02-11,7.0496875,0
2024-02-12,7.6878125,0
2024-02-13,9.043538461538462,0
2024-02-14,12.885692307692308,0
2024-02-15,9.932153846153847,0
2024-02-16,15.25723076923077,0
2024-02-17,18.142307692307693,0
2024-02-18,7.128153846153846,0
2024-02-19,3.702153846153846,0
2024-02-20,4.014769230769231,0
2024-02-21,4.084307692307693,0
2024-02-22,9.145384615384616,0
2024-02-23,6.990769230769231,0
2024-02-24,8.18769230769231,0
2024-02-25,9.514307692307693,0
2024-02-26,13.105538461538462,0
2024-02-27,10.460461538461537,0
2024-02-28,12.195076923076922,0
2024-02-29,7.556307692307692,0
2024-03-01,3.5395384615384615,0
2024-03-02,2.608661538461538,0
2024-03-03,4.132153846153845,0
2024-03-04,5.619692307692308,0
2024-03-05,5.642153846153846,0
2024-03-06,4.759230769230769,0
2024-03-07,5.286769230769231,0
2024-03-08,7.839538461538462,0
2024-03-09,9.356923076923078,0
2024-03-10,8.334307692307693,0
2024-03-11,5.960153846153847,0
2024-03-12,4.932307692307693,0
2024-03-13,5.712,0
2024-03-14,5.871538461538461,0
2024-03-15,4.756461538461538,0
2024-03-16,5.36676923076923,0
2024-03-17,6.908615384615385,0
2024-03-18,8.617230769230769,0
2024-03-19,9.494461538461538,0
2024-03-20,16.958923076923075,0
2024-03-21,17.673692307692306,0
2024-03-22,19.22153846153846,0
2024-03-23,4.951846153846154,0
2024-03-24,3.65,0
2024-03-25,5.270615384615384,0
2024-03-26,6.230153846153846,0
2024-03-27,8.834769230769231,0
2024-03-28,8.553076923076924,0
2024-03-29,5.357538461538462,0
2024-03-30,3.0715384615384616,0
2024-03-31,3.236307692307692,0
2024-04-01,5.011384615384616,0
2024-04-02,6.484923076923077,0
2024-04-03,8.822461538461539,0
2024-04-04,5.426307692307692,0
2024-04-05,4.009846153846154,0
2024-04-06,5.19984375,0
2024-04-07,6.68078125,0
2024-04-08,7.0446875,0
2024-04-09,6.652,0
2024-04-10,7.774923076923077,0
2024-04-11,14.798,0
2024-04-12,14.588923076923077,0
2024-04-13,4.674307692307692,0
2024-04-14,8.208,0
2024-04-15,7.890307692307692,0
2024-04-16,7.9890625,0
2024-04-17,10.249375,0
2024-04-18,13.617692307692307,0
2024-04-19,10.90203125,0
2024-04-20,13.016,0
2024-04-21,17.3609375,0
2024-04-22,20.0909375,0
2024-04-23,6.799384615384615,0
2024-04-24,7.201875,0
2024-04-25,5.495,0
2024-04-26,6.511875,0
2024-04-27,6.5334375,0
2024-04-28,7.46890625,0
2024-04-29,8.29484375,0
2024-04-30,10.0246875,0
2024-05-01,10.16859375,0
2024-05-02,13.19640625,0
2024-05-03,11.45890625,0
2024-05-04,8.06921875,0
2024-05-05,4.26421875,0
2024-05-06,5.8915625,0
2024-05-07,7.16703125,0
2024-05-08,8.482539682539683,0
2024-05-09,9.801290322580645,0
2024-05-10,11.41,0
2024-05-11,10.86890625,0
2024-05-12,14.67328125,0
2024-05-13,12.03265625,0
2024-05-14,10.430317460317461,0
2024-05-15,7.83671875,0
2024-05-16,7.124126984126984,0
2024-05-17,7.198888888888889,0
2024-05-18,7.369523809523809,0
2024-05-19,7.017301587301587,0
2024-05-20,7.179523809523809,0
2024-05-21,9.067619047619047,0
2024-05-22,13.64047619047619,0
2024-05-23,9.007777777777777,0
2024-05-24,9.301587301587302,0
2024-05-25,4.857460317460317,0
2024-05-26,6.842857142857143,0
2024-05-27,10.786031746031746,0
2024-05-28,14.457777777777778,0
2024-05-29,12.271587301587301,0
2024-05-30,16.117619047619048,0
2024-05-31,16.153650793650794,0
2024-06-01,11.756349206349206,0
2024-06-02,7.892063492063492,0
2024-06-03,10.15174603174603,0
2024-06-04,14.245555555555557,0
2024-06-05,17.92047619047619,0
2024-06-06,15.086349206349205,0
2024-06-07,9.997301587301587,0
2024-06-08,8.157619047619047,0
2024-06-09,6.84,0
2024-06-10,11.148730158730158,0
2024-06-11,14.27968253968254,0
2024-06-12,9.803650793650794,0
2024-06-13,11.721428571428572,0
2024-06-14,12.27904761904762,0
2024-06-15,10.843650793650793,0
2024-06-16,12.496666666666666,0
2024-06-17,11.296984126984128,0
2024-06-18,12.334603174603176,0
2024-06-19,12.13857142857143,0
2024-06-20,10.916349206349206,0
2024-06-21,9.087936507936508,0
2024-06-22,10.855555555555556,0
2024-06-23,9.957619047619048,0
2024-06-24,8.493968253968253,0
2024-06-25,9.249047619047618,0
2024-06-26,9.629206349206349,0
2024-06-27,9.277142857142858,0
2024-06-28,9.247142857142858,0
2024-06-29,11.634761904761906,0
2024-06-30,15.617936507936507,0
2024-07-01,12.573650793650794,0
2024-07-02,14.123968253968254,0
2024-07-03,12.031904761904762,0
2024-07-04,21.40015873015873,0
2024-07-05,30.76984126984127,0
2024-07-06,13.571111111111112,0
2024-07-07,12.096349206349208,0
2024-07-08,11.932857142857143,0
2024-07-09,28.68888888888889,0
2024-07-10,27.82238095238095,0
2024-07-11,29.333333333333332,0
2024-07-12,29.105238095238093,0
2024-07-13,29.254761904761903,0
2024-07-14,26.75253968253968,0
2024-07-15,25.46761904761905,0
2024-07-16,21.972539682539683,0
2024-07-17,19.07209677419355,0
2024-07-18,10.334193548387097,0
2024-07-19,16.651612903225807,0
2024-07-20,12.025967741935483,0
2024-07-21,8.779516129032258,0
2024-07-22,8.147096774193548,0
2024-07-23,8.122419354838708,0
2024-07-24,8.384354838709678,0
2024-07-25,9.75968253968254,0
2024-07-26,10.57031746031746,0
2024-07-27,12.366825396825398,0
2024-07-28,8.31936507936508,0
2024-07-29,7.682063492063492,0
2024-07-30,9.189523809523811,0
2024-07-31,9.814126984126984,0
2024-08-01,10.536666666666665,0
2024-08-02,8.25095238095238,0
2024-08-03,7.752857142857143,0
2024-08-04,8.601587301587301,0
2024-08-05,9.865396825396825,0
2024-08-06,11.208730158730159,0
2024-08-07,12.659682539682539,0
2024-08-08,13.598888888888888,0
2024-08-09,14.846825396825396,0
2024-08-10,12.718730158730159,0
2024-08-11,14.189523809523811,0
2024-08-12,11.167301587301587,0
2024-08-13,11.877301587301586,0
2024-08-14,11.945555555555554,0
2024-08-15,10.298253968253968,0
2024-08-16,16.677142857142858,0
2024-08-17,11.22,0
2024-08-18,11.333333333333334,0
2024-08-19,7.712698412698412,0
2024-08-20,8.439375,0
2024-08-21,8.824375,0
2024-08-22,9.275384615384615,0
2024-08-23,9.268153846153846,0
2024-08-24,9.529230769230768,0
2024-08-25,9.594615384615384,0
2024-08-26,9.924153846153846,0
2024-08-27,11.910615384615383,0
2024-08-28,15.772769230769232,0
2024-08-29,16.835384615384616,0
2024-08-30,14.302615384615384,0
2024-08-31,14.909230769230769,0
2024-09-01,13.82676923076923,0
2024-09-02,17.92923076923077,0
2024-09-03,15.775384615384617,0
2024-09-04,9.946615384615384,0
2024-09-05,10.077384615384615,0
2024-09-06,10.850615384615384,0
2024-09-07,12.5396875,0
2024-09-08,12.99046875,0
2024-09-09,12.11203125,0
2024-09-10,8.35703125,0
2024-09-11,10.12296875,0
2024-09-12,11.306769230769232,0
2024-09-13,11.812461538461537,0
2024-09-14,13.57523076923077,0
2024-09-15,9.444461538461539,0
2024-09-16,6.256307692307692,0
2024-09-17,6.652615384615385,0
2024-09-18,7.470923076923077,0
2024-09-19,7.780769230769231,0
2024-09-20,7.396,0
2024-09-21,12.736307692307692,0
2024-09-22,16.283076923076923,0
2024-09-23,16.18292307692308,0
2024-09-24,17.678461538461537,0
2024-09-25,14.13246153846154,0
2024-09-26,12.507384615384616,0
2024-09-27,16.755846153846157,0
2024-09-28,17.346153846153847,0
2024-09-29,14.323076923076924,0
2024-09-30,18.038153846153847,0
2024-10-01,13.035538461538462,0
2024-10-02,15.01476923076923,0
2024-10-03,18.22753846153846,0
2024-10-04,20.767692307692307,0
2024-10-05,18.27076923076923,0
2024-10-06,15.616153846153846,0
2024-10-07,16.079384615384615,0
2024-10-08,16.911692307692306,0
2024-10-09,26.058461538461536,0
2024-10-10,26.838461538461537,0
2024-10-11,19.564615384615387,0
2024-10-12,19.495384615384616,0
2024-10-13,16.55,0
2024-10-14,15.294461538461539,0
2024-10-15,20.266461538461538,0
2024-10-16,19.023076923076925,0
2024-10-17,11.49723076923077,0
2024-10-18,8.50076923076923,0
2024-10-19,7.859999999999999,0
2024-10-20,9.022615384615385,0
2024-10-21,8.874769230769232,0
2024-10-22,8.576307692307694,0
2024-10-23,11.191076923076922,0
2024-10-24,17.780461538461537,0
2024-10-25,20.081384615384614,0
2024-10-26,18.28,0
2024-10-27,19.8734375,0
2024-10-28,10.402153846153846,0
2024-10-29,6.237384615384616,0
2024-10-30,7.463846153846154,0
2024-10-31,9.013846153846153,0
2024-11-01,10.214923076923077,0
2024-11-02,12.128,0
2024-11-03,7.552615384615385,0
2024-11-04,7.513846153846154,0
2024-11-05,8.848615384615384,0
2024-11-06,8.134923076923076,0
2024-11-07,7.470461538461538,0
2024-11-08,10.84890625,0
2024-11-09,19.215384615384615,0
2024-11-10,27.475,0
2024-11-11,21.2671875,0
2024-11-12,7.5496875,0
2024-11-13,6.8903125,0
2024-11-14,9.3534375,0
2024-11-15,6.35640625,0
2024-11-16,8.22234375,0
2024-11-17,9.20046875,0
2024-11-18,12.7934375,0
2024-11-19,14.737343749999999,0
2024-11-20,11.79984375,0
2024-11-21,11.10796875,0
2024-11-22,14.22890625,0
2024-11-23,17.5328125,0
2024-11-24,9.057656249999999,0
2024-11-25,15.15359375,0
2024-11-26,9.50953125,0
2024-11-27,9.9625,0
2024-11-28,12.3559375,0
2024-11-29,7.23234375,0
2024-11-30,8.66703125,0
2024-12-01,16.11,0
2024-12-02,18.94625,0
2024-12-03,21.3828125,0
2024-12-04,31.2140625,0
2024-12-05,35.6796875,1
2024-12-06,26.79890625,0
2024-12-07,13.7128125,0
2024-12-08,20.5859375,0
2024-12-09,28.0546875,0
2024-12-10,14.69796875,0
2024-12-11,9.7884375,0
2024-12-12,10.7134375,0
2024-12-13,13.2621875,0
2024-12-14,12.435714285714287,0
2024-12-15,16.37515625,0
2024-12-16,10.679206349206348,0
2024-12-17,13.844444444444445,0
2024-12-18,10.363125,0
2024-12-19,15.164126984126984,0
2024-12-20,25.19047619047619,0
2024-12-21,20.174603174603174,0
2024-12-22,22.628571428571426,0
2024-12-23,30.773015873015872,0
2024-12-24,23.914285714285715,0
2024-12-25,10.600793650793651,0
2024-12-26,14.468888888888888,0
2024-12-27,14.702380952380953,0
2024-12-28,21.685714285714287,0
2024-12-29,23.16984126984127,0
2024-12-30,24.97936507936508,0
2024-12-31,31.1984126984127,0
