STATION,ELEVATION,TEMP,TEMP_ATTRIBUTES,DEWP,DEWP_ATTRIBUTES,SLP,SLP_ATTRIBUTES,STP,STP_ATTRIBUTES,VISIB,VISIB_ATTRIBUTES,WDSP,WDSP_ATTRIBUTES,MXSPD,GUST,MAX,MAX_ATTRIBUTES,MIN,MIN_ATTRIBUTES,PRCP,PRCP_ATTRIBUTES,SNDP,FRSHTT,MONTH,DAYOFWEEK,SEASON,TEMP_RANGE,TEMP_AVG,TEMP_DEWP_DIFF,WDSP_TEMP,isUnhealthy,PREDICTION
72287493134,54.6,63.2,24,52.0,24,1017.3,24,10.8,24,10.0,24,1.2,21,5.1,999.9,71.1,*,55.9,*,0.0,I,999.9,0,10,5,Fall,15.199999999999996,63.5,11.5,76.2,0,0
72287493134,54.6,73.2,24,62.7,24,1012.4,23,5.9,24,7.2,24,1.8,24,6.0,999.9,84.9, ,64.9, ,0.0,G,999.9,0,8,6,Summer,20.0,74.9,12.200000000000003,134.82000000000002,1,1
72287493134,54.6,66.0,24,52.8,24,1011.3,24,4.8,24,10.0,24,1.6,23,7.0,999.9,75.9, ,59.0, ,0.0,G,999.9,0,6,5,Summer,16.900000000000006,67.45,14.650000000000006,107.92000000000002,0,0
72287493134,54.6,75.0,24,62.9,24,1014.2,24,7.9,24,10.0,24,1.1,24,6.0,999.9,86.0, ,66.0, ,0.0,G,999.9,0,7,6,Summer,20.0,76.0,13.100000000000001,83.60000000000001,0,0
72287493134,54.6,60.8,24,49.4,24,1017.8,24,11.2,24,10.0,24,1.3,24,5.1,999.9,71.1, ,53.1, ,0.0,G,999.9,0,10,2,Fall,17.999999999999993,62.099999999999994,12.699999999999996,80.72999999999999,0,0
72287493134,54.6,64.7,24,45.9,24,1014.9,24,8.4,24,10.0,24,2.0,24,7.0,999.9,77.0, ,53.1, ,0.0,G,999.9,0,4,6,Spring,23.9,65.05,19.15,130.1,1,0
72287493134,54.6,72.2,24,60.9,24,1013.6,22,7.2,24,9.8,24,1.7,23,5.1,999.9,81.0, ,64.9, ,0.0,G,999.9,0,8,5,Summer,16.099999999999994,72.95,12.050000000000004,124.015,1,1
72287493134,54.6,57.0,24,48.7,24,1011.2,13,4.2,24,8.2,24,3.8,23,8.9,17.1,60.1,*,53.1,*,0.0,G,999.9,110000,3,0,Spring,7.0,56.6,7.899999999999999,215.07999999999998,0,0
72287493134,54.6,70.8,24,60.2,24,1012.4,22,6.0,24,10.0,24,0.8,24,6.0,999.9,77.0, ,63.0, ,0.0,G,999.9,0,9,1,Fall,14.0,70.0,9.799999999999997,56.0,1,0
72287493134,54.6,57.2,24,43.5,24,1018.0,24,11.4,24,10.0,24,0.6,24,4.1,999.9,66.9, ,48.9, ,0.0,G,999.9,0,12,4,Winter,18.000000000000007,57.900000000000006,14.400000000000006,34.74,0,0
72287493134,54.6,82.0,24,63.6,24,1011.1,24,4.8,24,9.6,24,1.7,23,6.0,999.9,98.1, ,72.0, ,0.0,G,999.9,0,7,6,Summer,26.099999999999994,85.05,21.449999999999996,144.58499999999998,1,1
72287493134,54.6,69.5,24,59.2,24,1013.5,24,7.1,24,9.0,24,0.8,24,6.0,999.9,84.0, ,60.1, ,0.0,G,999.9,0,6,6,Summer,23.9,72.05,12.849999999999994,57.64,0,1
72287493134,54.6,63.4,24,18.9,24,1019.6,24,13.0,24,10.0,24,1.4,24,4.1,999.9,79.0, ,51.1, ,0.0,G,999.9,0,11,0,Fall,27.9,65.05,46.15,91.07,0,0
72287493134,54.6,57.0,24,51.7,24,1007.9,18,0.6,16,8.4,24,1.8,24,7.0,999.9,63.0, ,50.0, ,1.07,G,999.9,10000,1,6,Winter,13.0,56.5,4.799999999999997,101.7,0,0
72287493134,54.6,55.9,24,32.3,24,1020.8,24,14.1,24,10.0,24,0.8,22,2.9,999.9,66.0, ,44.1, ,0.0,G,999.9,0,2,6,Winter,21.9,55.05,22.75,44.04,0,0
72287493134,54.6,61.2,24,55.6,24,1015.4,15,9.5,24,4.1,24,0.5,24,4.1,999.9,71.1, ,55.9, ,0.0,G,999.9,0,11,3,Fall,15.199999999999996,63.5,7.899999999999999,31.75,1,1
72287493134,54.6,56.8,24,46.0,24,1016.5,19,10.1,24,9.7,24,2.4,24,5.1,999.9,63.0, ,53.1, ,0.0,G,999.9,0,12,1,Winter,9.899999999999999,58.05,12.049999999999997,139.32,0,0
72287493134,54.6,72.4,24,60.5,24,1013.6,23,7.2,24,7.2,24,1.2,23,4.1,999.9,86.0, ,63.0, ,0.0,G,999.9,0,7,4,Summer,23.0,74.5,14.0,89.39999999999999,1,1
72287493134,54.6,55.2,24,47.6,24,1009.2,15,1.7,24,7.7,24,5.8,20,13.0,22.9,60.1,*,51.1,*,0.94,G,999.9,10000,3,5,Spring,9.0,55.6,8.0,322.48,0,0
72287493134,54.6,65.2,24,54.2,24,1014.1,24,7.6,24,9.7,24,1.4,23,6.0,999.9,77.0, ,55.9, ,0.0,G,999.9,0,5,1,Spring,21.1,66.45,12.25,93.03,1,0
72287493134,54.6,59.1,24,24.5,24,1018.6,24,12.0,24,10.0,24,4.0,23,8.9,20.0,68.0, ,48.9, ,0.0,G,999.9,0,3,6,Spring,19.1,58.45,33.95,233.8,0,0
72287493134,54.6,58.1,24,29.7,24,1024.4,24,17.7,24,10.0,24,1.4,24,5.1,999.9,70.0,*,46.9,*,0.0,G,999.9,0,2,4,Winter,23.1,58.45,28.750000000000004,81.83,1,0
72287493134,54.6,71.2,24,62.1,24,1011.9,24,5.4,24,8.0,24,0.9,24,6.0,999.9,90.0, ,61.0, ,0.0,G,999.9,0,9,6,Fall,29.0,75.5,13.399999999999999,67.95,1,1
72287493134,54.6,55.6,24,32.0,24,1017.4,24,10.7,24,10.0,24,0.7,24,4.1,999.9,71.1, ,43.0, ,0.0,G,999.9,0,12,6,Winter,28.099999999999994,57.05,25.049999999999997,39.934999999999995,1,1
72287493134,54.6,64.7,24,27.5,24,1017.9,24,11.3,24,10.0,24,0.1,24,2.9,999.9,81.0, ,48.9, ,0.0,G,999.9,0,10,0,Fall,32.1,64.95,37.45,6.495000000000001,0,0
72287493134,54.6,60.4,24,45.8,24,1014.3,22,7.7,24,7.6,24,0.8,24,4.1,999.9,72.0, ,52.0, ,0.0,G,999.9,0,12,0,Winter,20.0,62.0,16.200000000000003,49.6,1,1
72287493134,54.6,75.8,24,57.3,24,1014.2,22,7.9,24,5.3,24,0.5,24,4.1,999.9,93.9, ,66.0, ,0.0,G,999.9,100000,10,0,Fall,27.900000000000006,79.95,22.650000000000006,39.975,1,1
72287493134,54.6,57.1,24,32.4,24,1020.2,22,13.5,24,10.0,24,1.9,24,7.0,999.9,66.9, ,48.9, ,0.0,G,999.9,0,3,5,Spring,18.000000000000007,57.900000000000006,25.500000000000007,110.01,0,0
72287493134,54.6,63.0,24,54.4,24,1012.0,17,5.4,24,10.0,24,0.9,24,7.0,999.9,69.1, ,57.9, ,0.0,G,999.9,0,5,5,Spring,11.199999999999996,63.5,9.100000000000001,57.15,0,0
72287493134,54.6,54.4,24,44.3,24,1015.1,19,8.2,24,8.8,24,1.0,24,5.1,999.9,64.9, ,46.9, ,0.38,G,999.9,10000,3,1,Spring,18.000000000000007,55.900000000000006,11.600000000000009,55.900000000000006,0,0
72287493134,54.6,61.3,24,50.8,24,1010.9,16,4.6,24,9.2,24,1.4,23,6.0,15.9,69.1, ,57.0, ,0.0,G,999.9,0,4,0,Spring,12.099999999999994,63.05,12.25,88.27,0,0
72287493134,54.6,68.1,24,59.5,23,1009.6,22,3.2,23,4.3,23,0.7,22,4.1,999.9,78.1, ,64.9, ,0.0,G,999.9,0,10,2,Fall,13.199999999999989,71.5,12.0,50.05,1,1
72287493134,54.6,62.1,24,52.4,24,1012.4,20,6.0,24,9.9,24,1.4,23,6.0,999.9,70.0, ,57.9, ,0.0,G,999.9,0,5,1,Spring,12.100000000000001,63.95,11.550000000000004,89.53,0,0
72287493134,54.6,63.4,24,54.7,24,1011.4,22,4.9,24,9.5,24,1.3,23,7.0,999.9,75.0, ,59.0, ,0.0,G,999.9,0,4,0,Spring,16.0,67.0,12.299999999999997,87.10000000000001,1,1
72287493134,54.6,57.1,24,45.0,24,1018.2,23,11.5,24,8.8,24,0.7,24,5.1,999.9,66.9, ,50.0, ,0.0,G,999.9,0,1,0,Winter,16.900000000000006,58.45,13.450000000000003,40.915,1,1
72287493134,54.6,66.4,24,38.9,24,1021.3,24,14.7,24,10.0,24,1.0,24,7.0,999.9,86.0, ,48.9, ,0.0,G,999.9,0,3,6,Spring,37.1,67.45,28.550000000000004,67.45,0,0
72287493134,54.6,68.5,24,52.4,24,1013.5,24,7.0,24,10.0,24,2.7,24,7.0,14.0,81.0, ,60.1, ,0.0,G,999.9,0,6,1,Summer,20.9,70.55,18.15,190.485,1,0
72287493134,54.6,53.8,24,48.7,24,1015.3,12,9.0,24,8.6,24,1.0,24,4.1,999.9,61.0, ,51.1, ,0.2,G,999.9,0,12,5,Winter,9.899999999999999,56.05,7.349999999999994,56.05,1,0
72287493134,54.6,61.4,24,42.2,23,1019.4,24,12.9,24,9.8,24,0.5,24,4.1,999.9,73.9, ,51.1, ,0.0,G,999.9,0,1,4,Winter,22.800000000000004,62.5,20.299999999999997,31.25,1,1
72287493134,54.6,76.0,24,45.1,24,1011.5,24,5.1,24,10.0,24,1.9,23,8.0,14.0,93.9, ,60.1, ,0.0,G,999.9,0,5,5,Spring,33.800000000000004,77.0,31.9,146.29999999999998,1,0
72287493134,54.6,57.0,24,49.9,24,1019.7,22,13.2,24,4.4,24,0.7,24,5.1,999.9,64.0, ,53.1, ,0.0,G,999.9,0,12,5,Winter,10.899999999999999,58.55,8.649999999999999,40.98499999999999,1,1
72287493134,54.6,65.0,24,55.0,24,1014.9,21,8.4,24,9.7,24,1.5,24,6.0,999.9,73.0, ,62.1, ,0.0,G,999.9,0,5,2,Spring,10.899999999999999,67.55,12.549999999999997,101.32499999999999,1,0
72287493134,54.6,66.9,24,58.8,24,1010.9,21,4.5,24,7.2,24,0.9,21,5.1,999.9,75.9,*,63.0,*,0.0,G,999.9,0,6,0,Summer,12.900000000000006,69.45,10.650000000000006,62.505,1,1
72287493134,54.6,59.0,24,41.9,24,1016.4,24,9.8,24,10.0,24,1.2,22,4.1,999.9,68.0, ,51.1, ,0.0,G,999.9,0,4,3,Spring,16.9,59.55,17.65,71.46,0,0
72287493134,54.6,57.0,24,36.7,24,1015.6,24,9.1,24,9.9,24,3.1,24,14.0,22.0,66.0, ,48.9, ,0.0,G,999.9,0,3,3,Spring,17.1,57.45,20.75,178.09500000000003,0,0
72287493134,54.6,54.8,24,34.9,24,1021.3,24,14.6,24,10.0,24,1.0,24,5.1,999.9,66.9, ,46.0, ,0.0,G,999.9,0,12,5,Winter,20.900000000000006,56.45,21.550000000000004,56.45,1,1
72287493134,54.6,71.4,24,59.8,24,1010.4,24,4.0,24,9.4,24,1.3,24,5.1,999.9,81.0, ,63.0, ,0.0,G,999.9,0,7,2,Summer,18.0,72.0,12.200000000000003,93.60000000000001,1,1
72287493134,54.6,76.5,24,63.2,24,1012.5,24,6.1,24,9.8,24,1.4,24,7.0,999.9,93.9, ,70.0, ,0.0,G,999.9,0,9,0,Fall,23.900000000000006,81.95,18.75,114.72999999999999,0,1
72287493134,54.6,70.4,24,58.4,24,1013.4,23,7.0,24,9.3,24,2.0,24,6.0,999.9,81.0, ,64.0, ,0.0,G,999.9,0,7,2,Summer,17.0,72.5,14.100000000000001,145.0,0,1
72287493134,54.6,49.1,24,39.4,24,1014.2,24,7.5,24,10.0,24,1.1,24,6.0,999.9,57.9, ,41.0, ,0.3,G,999.9,0,1,1,Winter,16.9,49.45,10.050000000000004,54.39500000000001,0,0
72287493134,54.6,72.0,24,62.2,24,1012.2,24,5.8,24,10.0,24,1.7,24,6.0,999.9,84.0, ,64.9, ,0.0,G,999.9,0,8,3,Summer,19.099999999999994,74.45,12.25,126.565,0,0
72287493134,54.6,73.1,24,48.1,24,1014.5,24,8.0,24,10.0,24,1.4,24,7.0,999.9,90.0, ,60.1, ,0.0,G,999.9,0,9,5,Fall,29.9,75.05,26.949999999999996,105.07,0,0
72287493134,54.6,55.3,24,45.3,24,1018.8,16,12.3,24,8.3,24,4.4,24,8.0,999.9,64.0, ,52.0, ,0.04,G,999.9,10000,4,3,Spring,12.0,58.0,12.700000000000003,255.20000000000002,0,0
72287493134,54.6,57.9,24,54.9,24,1016.1,11,9.7,24,5.2,24,2.8,24,7.0,999.9,64.9, ,46.9, ,0.28,G,999.9,10000,1,3,Winter,18.000000000000007,55.900000000000006,1.000000000000007,156.52,0,0
72287493134,54.6,60.4,24,33.9,24,1016.9,24,10.3,24,10.0,24,1.2,24,6.0,999.9,75.0, ,48.9, ,0.0,G,999.9,0,1,2,Winter,26.1,61.95,28.050000000000004,74.34,1,0
72287493134,54.6,68.4,24,56.8,23,1012.5,19,6.3,15,7.1,24,1.0,21,5.1,999.9,77.0, ,62.1, ,0.0,G,999.9,0,5,4,Spring,14.899999999999999,69.55,12.75,69.55,1,1
72287493134,54.6,58.7,24,52.2,24,1017.7,22,11.1,24,3.5,24,0.9,24,4.1,999.9,66.9, ,55.9, ,0.0,G,999.9,0,11,5,Fall,11.000000000000007,61.400000000000006,9.200000000000003,55.260000000000005,1,1
72287493134,54.6,72.0,24,59.9,24,1006.4,24,0.0,24,9.8,24,0.7,23,4.1,999.9,81.0, ,63.0, ,0.0,G,999.9,0,6,6,Summer,18.0,72.0,12.100000000000001,50.4,1,1
72287493134,54.6,76.2,24,58.6,24,1012.3,24,5.9,24,10.0,24,1.4,24,6.0,999.9,90.0, ,66.9, ,0.0,G,999.9,0,8,6,Summer,23.099999999999994,78.45,19.85,109.83,0,0
72287493134,54.6,73.0,24,62.4,24,1011.6,24,5.2,24,7.5,24,1.0,24,4.1,999.9,86.0, ,66.0, ,0.0,G,999.9,0,9,0,Fall,20.0,76.0,13.600000000000001,76.0,1,1
72287493134,54.6,73.0,24,59.7,24,1015.0,23,8.6,24,9.5,24,1.5,24,6.0,999.9,90.0, ,63.0, ,0.0,G,999.9,0,6,2,Summer,27.0,76.5,16.799999999999997,114.75,1,1
72287493134,54.6,59.4,24,46.5,24,1013.5,18,7.0,24,8.3,24,2.4,24,8.9,18.1,68.0,*,55.9,*,0.0,G,999.9,10000,2,4,Winter,12.100000000000001,61.95,15.450000000000003,148.68,1,0
72287493134,54.6,77.9,24,66.0,24,1014.5,24,8.2,24,8.6,24,0.5,22,4.1,999.9,91.0, ,72.0, ,0.0,G,999.9,0,8,1,Summer,19.0,81.5,15.5,40.75,1,1
72287493134,54.6,52.3,24,46.1,24,1010.6,21,3.5,24,8.8,24,0.9,24,6.0,14.0,60.1, ,46.9, ,1.29,G,999.9,10000,2,2,Winter,13.200000000000003,53.5,7.399999999999999,48.15,0,0
72287493134,54.6,66.8,24,56.6,24,1015.0,24,8.4,24,9.3,24,0.9,24,6.0,999.9,73.0, ,63.0, ,0.0,G,999.9,0,10,5,Fall,10.0,68.0,11.399999999999999,61.2,0,1
72287493134,54.6,66.2,24,58.4,24,1012.2,21,5.9,24,7.3,24,1.4,23,6.0,999.9,78.1, ,59.0, ,0.0,G,999.9,0,6,4,Summer,19.099999999999994,68.55,10.149999999999999,95.96999999999998,1,1
72287493134,54.6,58.7,24,50.7,24,1017.6,22,11.0,24,10.0,24,0.9,24,6.0,999.9,64.9,*,51.8,*,0.0,G,999.9,0,1,0,Winter,13.100000000000009,58.35,7.649999999999999,52.515,1,0
72287493134,54.6,67.0,24,56.1,24,1015.2,24,8.6,24,10.0,24,2.0,24,8.0,999.9,75.0, ,60.1, ,0.0,G,999.9,0,6,1,Summer,14.899999999999999,67.55,11.449999999999996,135.1,0,0
72287493134,54.6,60.5,24,52.0,24,1018.4,21,11.9,24,6.4,24,0.8,24,4.1,999.9,75.0, ,55.0, ,0.0,G,999.9,0,4,5,Spring,20.0,65.0,13.0,52.0,1,1
72287493134,54.6,61.1,24,47.6,24,1019.7,24,13.0,24,9.0,24,1.4,24,7.0,999.9,75.9, ,51.1, ,0.0,G,999.9,0,1,3,Winter,24.800000000000004,63.5,15.899999999999999,88.89999999999999,1,1
72287493134,54.6,66.5,24,58.6,24,1014.4,23,7.9,24,8.8,24,1.6,24,7.0,999.9,75.9, ,60.1, ,0.0,G,999.9,0,9,5,Fall,15.800000000000004,68.0,9.399999999999999,108.80000000000001,1,1
72287493134,54.6,63.4,24,48.7,24,1017.4,22,10.8,24,6.6,24,2.1,23,6.0,999.9,70.0, ,59.0, ,0.0,G,999.9,0,4,6,Spring,11.0,64.5,15.799999999999997,135.45000000000002,0,0
72287493134,54.6,61.2,24,50.3,24,1015.5,24,9.0,24,9.8,24,1.2,24,5.1,999.9,75.9, ,51.1, ,0.0,G,999.9,0,12,4,Winter,24.800000000000004,63.5,13.200000000000003,76.2,1,1
72287493134,54.6,63.6,23,51.1,23,1014.5,23,8.0,23,10.0,23,1.1,23,4.1,999.9,73.0, ,57.0, ,0.0,G,999.9,0,10,0,Fall,16.0,65.0,13.899999999999999,71.5,0,0
72287493134,54.6,67.9,24,57.1,24,1008.7,23,2.2,24,10.0,24,1.1,24,4.1,999.9,77.0, ,64.0, ,0.0,G,999.9,0,9,0,Fall,13.0,70.5,13.399999999999999,77.55000000000001,1,0
72287493134,54.6,72.2,24,48.9,24,1013.2,24,6.7,24,9.8,24,1.7,23,6.0,999.9,90.0, ,59.0, ,0.0,G,999.9,0,4,4,Spring,31.0,74.5,25.6,126.64999999999999,1,1
72287493134,54.6,68.6,24,58.4,24,1013.7,20,7.3,24,6.1,24,0.8,24,4.1,999.9,87.1, ,59.0, ,0.0,G,999.9,0,6,4,Summer,28.099999999999994,73.05,14.649999999999999,58.44,1,1
72287493134,54.6,70.0,24,58.7,24,1013.4,21,7.1,24,9.5,24,1.2,23,5.1,999.9,81.0, ,62.1, ,0.0,G,999.9,0,7,1,Summer,18.9,71.55,12.849999999999994,85.86,1,0
72287493134,54.6,63.9,24,50.0,24,1013.3,23,6.7,24,9.9,24,2.3,24,8.0,999.9,73.9, ,55.9, ,0.0,G,999.9,0,5,0,Spring,18.000000000000007,64.9,14.900000000000006,149.27,0,0
72287493134,54.6,71.4,23,59.1,23,1013.3,23,6.9,23,5.9,23,0.8,23,4.1,999.9,82.9, ,63.0, ,0.0,G,999.9,0,9,3,Fall,19.900000000000006,72.95,13.850000000000001,58.36000000000001,1,1
72287493134,54.6,63.9,24,54.6,24,1010.2,21,3.7,24,8.3,24,0.8,24,7.0,999.9,71.1, ,55.0, ,0.0,G,999.9,0,5,1,Spring,16.099999999999994,63.05,8.449999999999996,50.44,1,1
72287493134,54.6,59.0,24,39.0,24,1021.6,24,15.0,24,9.0,24,1.3,24,7.0,999.9,70.0, ,48.9, ,0.0,G,999.9,0,12,6,Winter,21.1,59.45,20.450000000000003,77.28500000000001,0,1
72287493134,54.6,66.6,24,58.0,24,1011.5,20,5.1,24,10.0,24,2.2,23,8.0,15.0,77.0, ,60.1, ,0.0,G,999.9,0,6,5,Summer,16.9,68.55,10.549999999999997,150.81,0,0
72287493134,54.6,67.4,24,53.4,24,1016.6,24,10.1,24,8.6,24,0.9,24,7.0,999.9,82.9, ,57.0, ,0.0,G,999.9,0,11,5,Fall,25.900000000000006,69.95,16.550000000000004,62.955000000000005,1,1
72287493134,54.6,58.8,24,38.9,24,1022.9,24,16.3,24,10.0,24,4.0,23,9.9,17.1,66.9, ,51.1, ,0.02,G,999.9,0,3,4,Spring,15.800000000000004,59.0,20.1,236.0,0,0
72287493134,54.6,56.6,24,45.5,24,1016.0,23,9.4,24,9.7,24,0.9,24,4.1,999.9,64.9, ,51.1, ,0.0,G,999.9,0,2,1,Winter,13.800000000000004,58.0,12.5,52.2,1,0
72287493134,54.6,62.1,24,53.9,24,1014.8,23,8.3,24,7.8,24,0.7,24,4.1,999.9,71.1, ,57.9, ,0.0,G,999.9,0,10,6,Fall,13.199999999999996,64.5,10.600000000000001,45.15,1,1
72287493134,54.6,56.8,24,44.2,24,1019.2,24,12.6,24,8.0,24,0.3,24,4.1,999.9,72.0, ,48.0, ,0.0,G,999.9,0,1,2,Winter,24.0,60.0,15.799999999999997,18.0,1,1
72287493134,54.6,52.9,24,23.5,24,1021.1,24,14.4,24,10.0,24,0.9,24,6.0,999.9,64.0, ,42.1, ,0.0,G,999.9,0,1,4,Winter,21.9,53.05,29.549999999999997,47.745,0,0
72287493134,54.6,68.4,24,57.5,24,1011.9,21,5.4,24,8.2,24,1.6,24,5.1,999.9,84.0, ,60.1, ,0.0,G,999.9,0,6,5,Summer,23.9,72.05,14.549999999999997,115.28,1,1
72287493134,54.6,58.9,24,39.5,24,1018.8,24,12.4,24,10.0,24,2.1,24,7.0,999.9,64.9,*,43.0,*,0.0,G,999.9,0,12,0,Winter,21.900000000000006,53.95,14.450000000000003,113.29500000000002,0,0
72287493134,54.6,68.5,24,59.3,24,1012.7,23,6.3,24,10.0,24,2.3,23,7.0,999.9,80.1, ,61.0, ,0.0,G,999.9,0,8,5,Summer,19.099999999999994,70.55,11.25,162.265,0,0
72287493134,54.6,66.0,24,37.7,24,1019.0,24,12.5,24,10.0,24,0.5,24,2.9,999.9,84.0, ,55.0, ,0.0,G,999.9,0,12,0,Winter,29.0,69.5,31.799999999999997,34.75,0,1
72287493134,54.6,57.9,23,28.6,23,1020.2,23,13.6,23,10.0,23,0.9,23,4.1,999.9,71.1, ,45.0, ,0.0,G,999.9,0,1,3,Winter,26.099999999999994,58.05,29.449999999999996,52.245,1,1
72287493134,54.6,83.5,10,49.9,10,1013.2,10,6.9,10,10.0,10,3.0,8,5.1,999.9,90.0, ,75.9, ,0.0,G,999.9,0,7,3,Summer,14.099999999999994,82.95,33.050000000000004,248.85000000000002,0,0
72287493134,54.6,80.2,24,64.8,24,1009.9,24,3.6,24,9.9,24,1.1,24,5.1,999.9,99.0, ,72.0, ,0.0,G,999.9,0,9,3,Fall,27.0,85.5,20.700000000000003,94.05000000000001,0,1
72287493134,54.6,66.8,24,50.4,24,1012.7,24,6.3,24,10.0,24,2.9,24,5.1,999.9,75.9, ,57.0, ,0.0,G,999.9,0,4,6,Spring,18.900000000000006,66.45,16.050000000000004,192.705,0,0
72287493134,54.6,81.9,24,67.9,24,1009.1,5,2.9,5,10.0,24,1.0,23,6.0,999.9,97.0, ,73.0, ,0.0,G,999.9,0,9,1,Fall,24.0,85.0,17.099999999999994,85.0,0,0
72287493134,54.6,54.0,24,36.8,24,1021.1,24,14.4,24,10.0,24,2.2,24,11.1,27.0,64.9, ,46.0, ,0.04,G,999.9,0,4,5,Spring,18.900000000000006,55.45,18.650000000000006,121.99000000000001,0,0
72287493134,54.6,55.0,24,45.7,24,1015.3,20,8.5,24,8.1,24,3.2,24,11.1,17.1,62.1,*,48.9,*,0.06,G,999.9,10000,3,2,Spring,13.200000000000003,55.5,9.799999999999997,177.60000000000002,0,0
72287493134,54.6,70.4,24,62.4,24,1012.3,22,6.0,24,8.6,24,0.7,24,4.1,999.9,88.0, ,64.9, ,0.0,G,999.9,0,10,4,Fall,23.099999999999994,76.45,14.050000000000004,53.515,1,1
72287493134,54.6,59.2,24,33.2,24,1023.2,24,16.6,24,10.0,24,0.7,24,4.1,999.9,75.0, ,48.0, ,0.0,G,999.9,0,1,2,Winter,27.0,61.5,28.299999999999997,43.05,1,0
72287493134,54.6,59.4,24,46.5,24,1015.9,22,9.4,24,9.5,24,1.3,24,4.1,999.9,79.0, ,54.0, ,0.0,G,999.9,0,1,2,Winter,25.0,66.5,20.0,86.45,1,0
72287493134,54.6,55.5,24,32.0,24,1020.3,24,13.6,24,10.0,24,1.1,24,6.0,999.9,66.9, ,46.9, ,0.0,G,999.9,0,11,1,Fall,20.000000000000007,56.900000000000006,24.900000000000006,62.59000000000001,1,0
72287493134,54.6,58.5,24,44.0,24,1014.8,21,8.4,24,10.0,24,1.7,24,6.0,999.9,73.9, ,50.0, ,0.0,G,999.9,0,12,3,Winter,23.900000000000006,61.95,17.950000000000003,105.315,1,1
72287493134,54.6,67.0,24,54.0,24,1017.6,23,11.1,24,6.8,24,1.0,24,5.1,999.9,86.0, ,52.0, ,0.0,G,999.9,0,3,2,Spring,34.0,69.0,15.0,69.0,1,1
72287493134,54.6,74.6,24,52.7,23,1014.1,23,7.7,23,4.3,24,0.9,22,5.1,999.9,93.0, ,63.0, ,0.0,G,999.9,0,9,2,Fall,30.0,78.0,25.299999999999997,70.2,1,1
72287493134,54.6,64.6,24,42.6,24,1018.2,24,11.6,24,9.9,24,0.2,24,2.9,999.9,82.9, ,54.0, ,0.0,G,999.9,0,12,2,Winter,28.900000000000006,68.45,25.85,13.690000000000001,0,1
72287493134,54.6,65.8,24,55.2,24,1012.9,24,6.3,24,10.0,24,1.3,24,4.1,999.9,72.0, ,63.0, ,0.0,G,999.9,0,11,2,Fall,9.0,67.5,12.299999999999997,87.75,0,0
72287493134,54.6,68.8,24,59.0,24,1014.7,21,8.2,24,9.4,24,1.7,23,5.1,15.0,78.1, ,63.0, ,0.0,G,999.9,0,7,2,Summer,15.099999999999994,70.55,11.549999999999997,119.93499999999999,1,0
72287493134,54.6,69.9,13,60.2,13,1006.5,13,0.1,13,9.7,13,0.8,13,5.1,999.9,82.0, ,64.0, ,0.0,G,999.9,0,6,3,Summer,18.0,73.0,12.799999999999997,58.400000000000006,1,1
72287493134,54.6,72.1,24,45.8,24,1018.1,24,11.6,24,10.0,24,1.3,23,6.0,999.9,87.1, ,53.1, ,0.0,G,999.9,0,4,3,Spring,33.99999999999999,70.1,24.299999999999997,91.13,1,0
72287493134,54.6,71.9,24,61.4,24,1014.2,22,7.8,24,9.3,24,1.6,24,5.1,999.9,82.9, ,66.9, ,0.0,G,999.9,0,7,6,Summer,16.0,74.9,13.500000000000007,119.84000000000002,1,1
72287493134,54.6,60.8,24,19.5,24,1014.7,24,8.2,24,10.0,24,1.9,23,7.0,999.9,75.9, ,48.9, ,0.0,G,999.9,0,3,1,Spring,27.000000000000007,62.400000000000006,42.900000000000006,118.56,0,0
72287493134,54.6,72.8,24,50.5,24,1013.9,24,7.5,24,9.8,24,1.1,22,6.0,999.9,90.0, ,57.9, ,0.0,G,999.9,0,10,5,Fall,32.1,73.95,23.450000000000003,81.34500000000001,1,1
72287493134,54.6,66.0,24,51.4,24,1011.0,21,4.0,16,9.0,24,1.3,22,6.0,999.9,78.1, ,55.9, ,0.0,G,999.9,0,4,2,Spring,22.199999999999996,67.0,15.600000000000001,87.10000000000001,1,1
72287493134,54.6,52.3,24,43.2,24,1013.9,20,6.6,19,8.9,24,2.5,24,6.0,999.9,61.0, ,46.9, ,1.04,G,999.9,10000,3,3,Spring,14.100000000000001,53.95,10.75,134.875,0,0
72287493134,54.6,62.4,24,51.6,24,1018.5,23,11.9,24,9.8,24,2.0,24,7.0,999.9,77.0, ,55.9, ,0.0,G,999.9,0,3,0,Spring,21.1,66.45,14.850000000000001,132.9,0,0
72287493134,54.6,69.8,24,59.9,24,1010.1,21,3.8,24,9.7,24,2.1,23,8.9,15.0,80.1, ,63.0, ,0.01,G,999.9,10000,9,3,Fall,17.099999999999994,71.55,11.649999999999999,150.255,0,0
72287493134,54.6,64.3,24,52.6,24,1016.4,20,9.6,24,8.3,24,4.6,23,13.0,19.0,75.0, ,53.1, ,0.11,G,999.9,10000,3,1,Spring,21.9,64.05,11.449999999999996,294.62999999999994,0,0
72287493134,54.6,74.2,24,55.1,24,1015.3,24,8.8,24,9.4,24,1.4,23,6.0,999.9,89.1, ,60.1, ,0.0,G,999.9,0,6,5,Summer,28.999999999999993,74.6,19.499999999999993,104.43999999999998,1,1
72287493134,54.6,75.2,24,64.2,24,1009.7,23,3.3,24,4.8,24,1.3,23,6.0,999.9,89.1, ,69.1, ,0.0,G,999.9,0,8,1,Summer,20.0,79.1,14.899999999999991,102.83,1,1
72287493134,54.6,56.7,24,50.1,24,1019.5,22,12.8,24,10.0,24,1.6,24,6.0,999.9,63.0, ,52.0, ,0.7,G,999.9,0,12,6,Winter,11.0,57.5,7.399999999999999,92.0,1,0
72287493134,54.6,63.2,24,50.6,24,1013.6,24,7.1,24,10.0,24,1.0,21,5.1,999.9,69.1, ,59.0, ,0.0,G,999.9,0,5,4,Spring,10.099999999999994,64.05,13.449999999999996,64.05,0,0
72287493134,54.6,69.8,24,58.1,24,1012.4,23,6.0,24,9.2,24,2.1,22,7.0,999.9,79.0, ,64.0, ,0.0,G,999.9,0,9,1,Fall,15.0,71.5,13.399999999999999,150.15,0,1
72287493134,54.6,73.1,24,63.4,24,1012.1,23,5.8,24,6.8,24,0.5,20,4.1,999.9,87.1,*,66.0,*,0.0,G,999.9,0,6,0,Summer,21.099999999999994,76.55,13.149999999999999,38.275,1,1
72287493134,54.6,63.0,24,47.9,24,1016.4,24,9.9,24,10.0,24,2.2,23,7.0,999.9,72.0, ,55.9, ,0.0,G,999.9,0,5,6,Spring,16.1,63.95,16.050000000000004,140.69000000000003,0,0
72287493134,54.6,71.7,24,59.2,24,1015.7,24,9.2,24,9.8,24,1.3,24,7.0,999.9,82.9, ,64.0, ,0.0,G,999.9,0,8,2,Summer,18.900000000000006,73.45,14.25,95.48500000000001,1,0
72287493134,54.6,73.6,24,62.5,24,1012.1,24,5.7,24,10.0,24,1.2,22,5.1,999.9,82.9, ,64.9, ,0.0,G,999.9,0,8,2,Summer,18.0,73.9,11.400000000000006,88.68,0,0
72287493134,54.6,61.4,24,51.6,24,1015.8,23,9.3,24,9.0,24,1.5,21,5.1,999.9,70.0,*,57.0,*,0.0,G,999.9,0,4,5,Spring,13.0,63.5,11.899999999999999,95.25,1,0
72287493134,54.6,63.4,24,52.1,24,1013.2,24,6.7,24,10.0,24,2.0,23,5.1,999.9,69.1, ,61.0, ,0.0,G,999.9,0,5,2,Spring,8.099999999999994,65.05,12.949999999999996,130.1,0,0
72287493134,54.6,67.0,24,55.7,24,1012.9,24,6.4,24,10.0,24,1.6,24,5.1,999.9,80.1, ,61.0, ,0.0,G,999.9,0,7,0,Summer,19.099999999999994,70.55,14.849999999999994,112.88,1,0
72287493134,54.6,57.2,24,43.1,24,1014.1,23,7.5,24,9.9,24,1.7,23,6.0,999.9,64.9, ,48.0, ,0.0,G,999.9,0,3,3,Spring,16.900000000000006,56.45,13.350000000000001,95.965,0,0
72287493134,54.6,53.9,24,30.5,24,1023.2,24,16.5,24,10.0,24,0.0,23,999.9,999.9,66.9, ,42.1, ,0.0,G,999.9,0,1,1,Winter,24.800000000000004,54.5,24.0,0.0,0,0
72287493134,54.6,62.5,24,23.4,23,1015.4,24,8.8,24,10.0,24,1.0,24,4.1,999.9,75.9, ,50.0, ,0.0,G,999.9,0,12,0,Winter,25.900000000000006,62.95,39.550000000000004,62.95,0,1
72287493134,54.6,59.4,24,40.3,24,1016.2,24,9.7,24,9.0,24,0.1,24,2.9,999.9,75.9, ,46.9, ,0.0,G,999.9,0,11,5,Fall,29.000000000000007,61.400000000000006,21.10000000000001,6.140000000000001,1,1
72287493134,54.6,67.0,24,61.6,24,1015.0,20,8.7,24,7.6,24,1.1,24,6.0,999.9,77.0, ,62.1, ,0.0,G,999.9,0,10,0,Fall,14.899999999999999,69.55,7.949999999999996,76.50500000000001,1,1
72287493134,54.6,72.8,24,59.7,24,1014.6,24,8.1,24,10.0,24,1.7,24,6.0,999.9,88.0, ,64.9, ,0.0,G,999.9,0,7,1,Summer,23.099999999999994,76.45,16.75,129.965,0,0
72287493134,54.6,59.8,23,56.9,23,1014.1,19,7.5,23,6.9,23,2.3,23,6.0,999.9,69.1, ,51.1, ,0.02,G,999.9,10000,11,0,Fall,17.999999999999993,60.099999999999994,3.1999999999999957,138.23,0,0
72287493134,54.6,64.1,24,18.0,24,1016.5,24,9.9,24,9.3,24,1.3,22,5.1,999.9,77.0, ,52.0, ,0.0,G,999.9,0,10,1,Fall,25.0,64.5,46.5,83.85000000000001,1,0
72287493134,54.6,74.2,24,57.8,24,1012.3,15,6.3,24,4.6,24,1.9,23,7.0,999.9,91.0, ,64.0, ,0.0,G,999.9,0,7,6,Summer,27.0,77.5,19.700000000000003,147.25,1,1
72287493134,54.6,79.9,24,60.4,24,1011.1,24,4.8,24,7.6,24,1.5,24,6.0,999.9,99.0, ,66.0, ,0.0,G,999.9,0,9,5,Fall,33.0,82.5,22.1,123.75,1,1
72287493134,54.6,71.5,24,60.6,24,1011.5,20,4.9,24,9.9,24,0.8,22,4.1,999.9,81.0, ,66.0, ,0.0,G,999.9,0,6,2,Summer,15.0,73.5,12.899999999999999,58.800000000000004,1,0
72287493134,54.6,64.6,24,53.7,23,1012.8,20,6.3,23,9.8,24,1.5,22,6.0,999.9,72.0, ,60.1, ,0.0,G,999.9,0,5,6,Spring,11.899999999999999,66.05,12.349999999999994,99.07499999999999,1,0
72287493134,54.6,67.5,24,55.9,24,1011.8,24,5.4,24,9.0,24,1.4,24,5.1,999.9,79.0, ,57.9, ,0.0,G,999.9,0,5,0,Spring,21.1,68.45,12.550000000000004,95.83,1,1
72287493134,54.6,54.0,24,42.2,24,1016.8,23,10.2,24,10.0,24,2.4,23,9.9,22.0,63.0, ,48.9, ,0.0,G,999.9,0,3,5,Spring,14.100000000000001,55.95,13.75,134.28,0,0
72287493134,54.6,67.7,24,57.7,24,1011.9,21,5.4,24,7.8,24,1.3,23,5.1,999.9,78.1, ,61.0, ,0.0,G,999.9,0,7,2,Summer,17.099999999999994,69.55,11.849999999999994,90.415,1,1
72287493134,54.6,60.2,24,47.9,24,1016.8,24,10.3,24,10.0,24,1.5,24,6.0,999.9,66.9, ,52.0, ,0.26,G,999.9,0,5,4,Spring,14.900000000000006,59.45,11.550000000000004,89.17500000000001,0,0
72287493134,54.6,69.9,24,57.9,24,1014.3,24,7.9,24,9.9,24,1.7,23,4.1,999.9,81.0, ,61.0, ,0.0,G,999.9,0,7,4,Summer,20.0,71.0,13.100000000000001,120.7,1,0
72287493134,54.6,68.6,24,59.6,24,1011.0,21,4.6,24,6.9,24,1.7,24,7.0,999.9,80.1, ,62.1, ,0.0,G,999.9,0,6,5,Summer,17.999999999999993,71.1,11.499999999999993,120.86999999999999,1,1
72287493134,54.6,59.1,24,52.7,24,1017.7,14,10.6,24,8.3,24,1.0,23,7.0,999.9,64.9, ,55.9, ,0.22,G,999.9,10000,3,5,Spring,9.000000000000007,60.400000000000006,7.700000000000003,60.400000000000006,0,0
72287493134,54.6,70.9,24,60.3,24,1014.7,24,8.3,24,6.2,24,1.3,24,5.1,999.9,82.0, ,64.9, ,0.0,G,999.9,0,9,1,Fall,17.099999999999994,73.45,13.150000000000006,95.48500000000001,1,1
72287493134,54.6,66.0,24,57.7,24,1014.1,19,7.3,24,10.0,24,0.7,24,6.0,999.9,71.1,*,62.6,*,0.0,G,999.9,0,9,1,Fall,8.499999999999993,66.85,9.149999999999991,46.794999999999995,0,0
72287493134,54.6,53.9,24,36.0,24,1022.7,24,16.0,24,10.0,24,1.3,24,6.0,999.9,68.0, ,43.0, ,0.0,G,999.9,0,3,0,Spring,25.0,55.5,19.5,72.15,0,0
72287493134,54.6,72.8,24,59.5,24,1010.6,23,4.2,24,9.4,24,1.4,24,4.1,999.9,91.0, ,63.0, ,0.0,G,999.9,0,8,1,Summer,28.0,77.0,17.5,107.8,1,1
72287493134,54.6,62.3,24,29.5,24,1022.4,24,15.7,24,10.0,24,0.5,24,4.1,999.9,82.0, ,46.0, ,0.0,G,999.9,0,2,0,Winter,36.0,64.0,34.5,32.0,0,0
72287493134,54.6,65.5,24,59.0,24,1016.0,20,9.5,24,9.5,24,1.7,24,5.1,999.9,75.9, ,57.9, ,0.0,G,999.9,10000,11,5,Fall,18.000000000000007,66.9,7.900000000000006,113.73,0,0
72287493134,54.6,69.0,24,59.4,24,1009.4,22,3.0,24,9.4,24,1.5,23,7.0,999.9,79.0,*,63.0,*,0.0,G,999.9,0,6,2,Summer,16.0,71.0,11.600000000000001,106.5,1,1
72287493134,54.6,80.6,24,64.6,24,1007.5,24,1.2,24,8.4,24,1.3,24,6.0,999.9,93.9, ,73.0, ,0.0,G,999.9,0,8,3,Summer,20.900000000000006,83.45,18.85000000000001,108.48500000000001,1,1
72287493134,54.6,64.5,24,52.9,24,1012.4,18,6.0,24,9.9,24,1.7,24,6.0,999.9,75.0, ,62.1, ,0.0,G,999.9,0,6,0,Summer,12.899999999999999,68.55,15.649999999999999,116.535,0,0
72287493134,54.6,62.8,24,52.1,24,1016.0,23,9.6,24,10.0,24,1.3,24,6.0,999.9,72.0, ,59.0, ,0.0,G,999.9,0,5,4,Spring,13.0,65.5,13.399999999999999,85.15,1,0
72287493134,54.6,66.9,24,58.7,24,1010.7,17,4.2,24,10.0,24,0.7,22,6.0,999.9,73.0, ,64.9, ,0.0,G,999.9,10000,9,5,Fall,8.099999999999994,68.95,10.25,48.265,0,0
72287493134,54.6,57.9,24,18.0,24,1020.4,24,13.7,24,9.8,24,0.3,24,4.1,999.9,75.0, ,44.1, ,0.0,G,999.9,0,12,2,Winter,30.9,59.55,41.55,17.865,1,1
72287493134,54.6,58.6,24,51.1,24,1020.7,22,14.0,24,7.4,24,0.5,24,6.0,999.9,69.1, ,48.9, ,0.0,G,999.9,0,12,1,Winter,20.199999999999996,59.0,7.899999999999999,29.5,1,1
72287493134,54.6,66.8,24,57.2,24,1009.8,23,3.5,24,9.3,24,1.4,24,8.9,999.9,80.1, ,57.9, ,0.0,G,999.9,0,6,3,Summer,22.199999999999996,69.0,11.799999999999997,96.6,1,1
72287493134,54.6,57.7,24,44.1,24,1013.0,24,6.4,24,10.0,24,1.9,23,7.0,999.9,66.0, ,50.0, ,0.0,G,999.9,0,5,2,Spring,16.0,58.0,13.899999999999999,110.19999999999999,0,0
72287493134,54.6,67.0,24,36.7,24,1019.8,24,13.2,24,10.0,24,0.0,24,999.9,999.9,88.0, ,50.0, ,0.0,G,999.9,0,1,4,Winter,38.0,69.0,32.3,0.0,1,0
72287493134,54.6,53.3,24,33.2,24,1012.3,24,5.7,24,10.0,24,2.1,24,8.0,999.9,64.0, ,46.0, ,0.06,G,999.9,0,2,2,Winter,18.0,55.0,21.799999999999997,115.5,0,0
72287493134,54.6,64.8,24,38.5,24,1018.9,24,12.3,24,9.6,24,0.9,24,4.1,999.9,84.9, ,51.1, ,0.0,G,999.9,0,11,6,Fall,33.800000000000004,68.0,29.5,61.2,1,1
72287493134,54.6,78.5,24,68.8,24,1013.9,21,7.6,24,10.0,24,1.1,24,7.0,999.9,87.1, ,70.0, ,0.24,G,999.9,10000,9,6,Fall,17.099999999999994,78.55,9.75,86.405,0,0
72287493134,54.6,59.9,24,51.7,24,1015.9,22,9.3,24,6.8,24,1.3,24,5.1,999.9,68.0, ,55.9, ,0.0,G,999.9,0,11,2,Fall,12.100000000000001,61.95,10.25,80.53500000000001,1,1
72287493134,54.6,68.2,24,61.1,24,1014.5,22,8.0,24,9.7,24,1.0,24,4.1,999.9,77.0, ,62.1, ,0.0,G,999.9,0,10,1,Fall,14.899999999999999,69.55,8.449999999999996,69.55,1,0
72287493134,54.6,69.1,24,60.8,24,1013.0,22,6.6,24,7.0,24,2.2,24,8.0,999.9,80.1, ,64.0, ,0.0,G,999.9,0,6,4,Summer,16.099999999999994,72.05,11.25,158.51000000000002,1,1
72287493134,54.6,61.7,24,31.5,24,1018.0,24,11.4,24,10.0,24,1.4,24,7.0,999.9,73.0, ,48.0, ,0.0,G,999.9,0,4,3,Spring,25.0,60.5,29.0,84.69999999999999,0,0
72287493134,54.6,75.6,24,62.0,24,1015.2,24,8.8,24,9.8,24,1.0,24,7.0,999.9,88.0, ,68.0, ,0.0,G,999.9,0,8,2,Summer,20.0,78.0,16.0,78.0,0,0
72287493134,54.6,65.9,24,55.6,24,1011.3,19,4.8,24,9.8,24,1.7,24,4.1,999.9,73.0, ,62.1, ,0.0,G,999.9,0,10,0,Fall,10.899999999999999,67.55,11.949999999999996,114.835,0,0
72287493134,54.6,68.8,24,44.5,24,1012.1,24,5.7,24,9.9,24,1.3,24,6.0,999.9,89.1, ,59.0, ,0.0,G,999.9,0,4,1,Spring,30.099999999999994,74.05,29.549999999999997,96.265,0,1
72287493134,54.6,55.5,24,47.1,24,1017.6,24,10.9,24,7.9,24,0.7,24,4.1,999.9,66.9, ,46.9, ,0.0,G,999.9,0,1,0,Winter,20.000000000000007,56.900000000000006,9.800000000000004,39.83,1,1
72287493134,54.6,59.7,24,22.5,24,1018.5,24,12.0,24,10.0,24,1.2,24,5.1,999.9,72.0, ,48.0, ,0.0,G,999.9,0,12,0,Winter,24.0,60.0,37.5,72.0,1,1
72287493134,54.6,56.2,22,48.0,22,1013.3,17,6.6,22,7.1,22,1.0,21,5.1,999.9,63.0, ,46.0, ,0.0,G,999.9,0,2,1,Winter,17.0,54.5,6.5,54.5,1,1
72287493134,54.6,68.8,24,60.0,24,1012.4,24,6.0,24,9.0,24,1.5,24,7.0,999.9,81.0, ,63.0, ,0.0,G,999.9,0,6,5,Summer,18.0,72.0,12.0,108.0,1,1
72287493134,54.6,54.2,24,51.4,24,1006.8,14,999.9,24,6.6,24,1.4,24,5.1,999.9,57.9, ,51.1, ,1.89,G,999.9,10000,2,1,Winter,6.799999999999997,54.5,3.1000000000000014,76.3,0,0
72287493134,54.6,60.1,24,42.3,24,1020.7,24,14.1,24,9.9,24,2.1,24,6.0,999.9,68.0, ,50.0, ,0.0,G,999.9,0,3,5,Spring,18.0,59.0,16.700000000000003,123.9,0,0
72287493134,54.6,72.1,24,62.1,24,1011.0,24,4.6,24,9.6,24,1.4,24,6.0,999.9,84.0, ,64.9, ,0.0,G,999.9,0,9,3,Fall,19.099999999999994,74.45,12.350000000000001,104.23,1,1
72287493134,54.6,59.0,24,46.8,24,1016.3,20,9.9,24,7.7,24,0.9,24,6.0,999.9,70.0, ,48.0, ,0.0,G,999.9,0,2,5,Winter,22.0,59.0,12.200000000000003,53.1,1,1
72287493134,54.6,61.7,24,50.2,24,1017.3,24,10.8,24,10.0,24,1.0,20,6.0,999.9,68.0, ,57.0, ,0.0,G,999.9,0,4,2,Spring,11.0,62.5,12.299999999999997,62.5,0,0
72287493134,54.6,58.0,24,52.7,24,1017.6,18,10.9,24,5.7,24,0.8,24,4.1,999.9,70.0, ,48.0, ,0.0,G,999.9,0,1,2,Winter,22.0,59.0,6.299999999999997,47.2,1,1
72287493134,54.6,61.0,24,47.4,24,1014.2,23,7.8,24,10.0,24,1.5,24,5.1,999.9,73.0, ,51.1, ,0.06,G,999.9,0,4,5,Spring,21.9,62.05,14.649999999999999,93.07499999999999,0,0
72287493134,54.6,76.8,24,63.5,24,1011.5,24,5.2,24,10.0,24,1.5,22,6.0,999.9,89.1, ,66.0, ,0.0,G,999.9,0,7,6,Summer,23.099999999999994,77.55,14.049999999999997,116.32499999999999,1,0
72287493134,54.6,69.5,24,62.1,21,1011.9,20,5.5,24,6.3,24,0.5,23,2.9,999.9,81.0, ,63.0, ,0.0,G,999.9,0,10,2,Fall,18.0,72.0,9.899999999999999,36.0,1,1
72287493134,54.6,74.2,24,60.7,24,1012.3,22,5.9,24,6.0,24,0.4,23,4.1,999.9,84.9, ,66.9, ,0.0,G,999.9,0,8,4,Summer,18.0,75.9,15.200000000000003,30.360000000000003,1,1
72287493134,54.6,56.8,24,45.6,24,1019.3,24,12.7,24,10.0,24,1.1,23,8.0,999.9,66.9, ,45.0, ,0.0,G,999.9,0,3,3,Spring,21.900000000000006,55.95,10.350000000000001,61.54500000000001,1,0
72287493134,54.6,61.7,24,48.7,24,1018.6,24,12.1,24,10.0,24,2.3,22,8.0,15.0,71.1, ,53.1, ,0.0,G,999.9,0,5,6,Spring,17.999999999999993,62.099999999999994,13.399999999999991,142.82999999999998,0,0
72287493134,54.6,57.8,24,52.8,24,1017.7,19,11.4,24,4.4,24,0.9,24,5.1,999.9,68.0, ,52.0, ,0.0,G,999.9,0,11,3,Fall,16.0,60.0,7.200000000000003,54.0,1,1
72287493134,54.6,67.3,24,60.1,24,1009.9,24,3.4,24,8.3,24,1.6,23,5.1,999.9,75.9, ,63.0, ,0.0,G,999.9,0,6,2,Summer,12.900000000000006,69.45,9.350000000000001,111.12,1,1
72287493134,54.6,72.4,24,38.1,24,1014.6,24,8.2,24,10.0,24,1.5,24,8.0,999.9,89.1, ,57.9, ,0.0,G,999.9,0,4,6,Spring,31.199999999999996,73.5,35.4,110.25,0,0
72287493134,54.6,74.0,24,59.2,24,1010.7,22,4.3,24,9.3,24,0.6,23,4.1,999.9,87.1, ,64.9, ,0.0,G,999.9,0,7,1,Summer,22.19999999999999,76.0,16.799999999999997,45.6,1,1
72287493134,54.6,68.8,24,39.4,24,1014.8,24,8.3,24,9.7,24,1.6,24,7.0,999.9,89.1, ,55.0, ,0.0,G,999.9,0,4,6,Spring,34.099999999999994,72.05,32.65,115.28,1,0
72287493134,54.6,56.8,24,44.1,24,1018.2,23,11.6,24,9.6,24,1.0,24,7.0,999.9,64.9, ,46.0, ,0.0,G,999.9,0,1,6,Winter,18.900000000000006,55.45,11.350000000000001,55.45,1,0
72287493134,54.6,82.0,24,62.8,24,1009.0,24,2.7,24,9.5,24,1.0,24,5.1,999.9,98.1, ,70.0, ,0.0,G,999.9,0,8,5,Summer,28.099999999999994,84.05,21.25,84.05,1,1
72287493134,54.6,69.7,23,61.8,23,1013.4,23,999.9,0,10.0,23,1.2,23,6.0,999.9,81.0,*,63.0,*,0.0,G,999.9,0,10,1,Fall,18.0,72.0,10.200000000000003,86.39999999999999,0,0
72287493134,54.6,56.9,24,46.0,24,1019.1,24,12.4,24,9.5,24,0.5,24,4.1,999.9,64.9, ,50.0, ,0.0,G,999.9,0,12,4,Winter,14.900000000000006,57.45,11.450000000000003,28.725,1,1
72287493134,54.6,71.1,24,54.6,24,1012.9,24,6.5,24,10.0,24,2.3,24,6.0,999.9,80.1, ,62.1, ,0.0,G,999.9,0,5,4,Spring,17.999999999999993,71.1,16.499999999999993,163.52999999999997,0,0
72287493134,54.6,74.3,24,62.8,24,1012.5,24,6.2,24,9.6,24,1.2,24,6.0,999.9,89.1, ,66.9, ,0.0,G,999.9,0,9,1,Fall,22.19999999999999,78.0,15.200000000000003,93.6,0,1
72287493134,54.6,67.7,24,29.3,23,1015.9,24,9.4,24,10.0,24,3.2,24,8.0,999.9,78.1, ,55.0, ,0.0,G,999.9,0,1,2,Winter,23.099999999999994,66.55,37.25,212.96,0,0
72287493134,54.6,68.4,24,45.8,24,1013.2,24,6.7,24,9.8,24,0.9,24,5.1,999.9,87.1, ,53.1, ,0.0,G,999.9,0,3,2,Spring,33.99999999999999,70.1,24.299999999999997,63.089999999999996,0,1
72287493134,54.6,74.4,24,55.5,24,1013.1,24,6.6,23,7.0,24,1.2,24,5.1,999.9,93.0, ,64.0, ,0.0,G,999.9,0,4,6,Spring,29.0,78.5,23.0,94.2,1,1
72287493134,54.6,65.7,24,57.0,24,1019.0,21,12.5,24,9.9,24,2.3,24,9.9,15.0,77.0, ,60.1, ,0.0,G,999.9,0,4,2,Spring,16.9,68.55,11.549999999999997,157.665,0,0
72287493134,54.6,61.7,24,46.5,24,1011.1,22,4.5,24,9.8,24,3.0,24,8.9,20.0,75.0, ,55.0, ,0.0,G,999.9,0,4,0,Spring,20.0,65.0,18.5,195.0,0,0
72287493134,54.6,70.3,24,61.2,24,1011.2,23,4.8,24,9.2,24,0.9,24,7.0,999.9,80.1, ,62.1, ,0.0,G,999.9,0,9,3,Fall,17.999999999999993,71.1,9.899999999999991,63.989999999999995,1,1
72287493134,54.6,67.0,24,60.0,24,1014.7,20,8.2,22,9.7,24,0.5,24,4.1,999.9,80.1, ,60.1, ,0.0,G,999.9,10000,10,6,Fall,19.999999999999993,70.1,10.099999999999994,35.05,0,0
72287493134,54.6,70.4,24,56.2,24,1011.6,24,5.1,24,9.9,24,1.2,24,5.1,999.9,84.9,*,60.1,*,0.0,G,999.9,0,8,2,Summer,24.800000000000004,72.5,16.299999999999997,87.0,0,1
72287493134,54.6,58.8,24,48.2,24,1016.5,22,9.8,24,9.9,24,0.7,24,4.1,999.9,69.1, ,51.1, ,0.0,G,999.9,0,3,6,Spring,17.999999999999993,60.099999999999994,11.899999999999991,42.06999999999999,0,0
72287493134,54.6,60.8,24,28.3,24,1017.5,24,10.9,24,10.0,24,0.5,24,2.9,999.9,73.0, ,50.0, ,0.0,G,999.9,0,11,0,Fall,23.0,61.5,33.2,30.75,0,0
72287493134,54.6,69.2,24,62.1,24,1015.5,22,9.1,24,8.1,24,1.5,24,6.0,999.9,81.0, ,63.0, ,0.0,G,999.9,0,9,5,Fall,18.0,72.0,9.899999999999999,108.0,1,1
72287493134,54.6,58.9,24,36.4,24,1020.2,24,13.6,24,10.0,24,0.1,24,2.9,999.9,72.0, ,48.0, ,0.0,G,999.9,0,12,5,Winter,24.0,60.0,23.6,6.0,0,1
72287493134,54.6,75.1,24,59.6,24,1013.7,24,7.3,24,9.9,24,1.4,24,8.9,15.0,89.1, ,64.0, ,0.0,G,999.9,0,7,2,Summer,25.099999999999994,76.55,16.949999999999996,107.16999999999999,1,0
72287493134,54.6,68.4,24,29.1,24,1020.4,24,13.9,24,10.0,24,1.2,24,5.1,999.9,86.0, ,52.0, ,0.0,G,999.9,0,2,6,Winter,34.0,69.0,39.9,82.8,1,0
72287493134,54.6,52.7,24,47.7,24,1012.8,15,6.6,24,3.8,24,0.1,24,2.9,999.9,71.1, ,46.0, ,0.0,G,999.9,100000,1,4,Winter,25.099999999999994,58.55,10.849999999999994,5.855,1,1
72287493134,54.6,54.3,24,40.8,24,1010.2,21,3.6,24,9.8,24,2.8,23,13.0,22.9,75.9, ,48.0, ,0.0,G,999.9,10000,3,2,Spring,27.900000000000006,61.95,21.150000000000006,173.46,0,0
72287493134,54.6,71.7,24,60.1,24,1011.9,22,5.6,24,9.7,24,2.0,24,6.0,999.9,82.9, ,64.9, ,0.0,G,999.9,0,7,1,Summer,18.0,73.9,13.800000000000004,147.8,1,1
72287493134,54.6,59.6,24,46.6,24,1019.7,20,13.1,24,10.0,24,1.9,23,7.0,999.9,66.0, ,55.0, ,0.0,G,999.9,0,3,0,Spring,11.0,60.5,13.899999999999999,114.94999999999999,0,0
72287493134,54.6,74.6,24,64.4,24,1012.6,23,6.2,24,9.1,24,0.8,23,4.1,999.9,87.1, ,66.0, ,0.0,G,999.9,0,8,6,Summer,21.099999999999994,76.55,12.149999999999991,61.24,1,1
72287493134,54.6,68.7,24,59.6,24,1015.3,23,8.9,24,9.7,24,1.5,24,7.0,999.9,82.0, ,61.0, ,0.0,G,999.9,0,7,4,Summer,21.0,71.5,11.899999999999999,107.25,0,0
72287493134,54.6,63.4,24,51.0,24,1016.4,23,9.8,24,6.5,24,0.7,24,4.1,999.9,72.0, ,55.9, ,0.0,G,999.9,0,2,2,Winter,16.1,63.95,12.950000000000003,44.765,1,1
72287493134,54.6,76.6,24,45.4,24,1014.2,24,7.8,24,9.5,24,1.0,24,4.1,999.9,96.1, ,60.1, ,0.0,G,999.9,0,9,6,Fall,35.99999999999999,78.1,32.699999999999996,78.1,0,1
72287493134,54.6,52.9,24,44.5,24,1013.7,20,6.9,22,8.8,24,3.1,24,7.0,999.9,61.0, ,48.9, ,0.47,G,999.9,10000,1,0,Winter,12.100000000000001,54.95,10.450000000000003,170.34500000000003,0,0
72287493134,54.6,69.5,24,58.0,24,1015.2,23,8.8,24,9.0,24,1.9,24,8.0,999.9,77.0, ,63.0, ,0.0,G,999.9,0,7,1,Summer,14.0,70.0,12.0,133.0,1,1
72287493134,54.6,57.6,18,33.4,17,1020.3,16,13.6,16,10.0,18,0.0,17,999.9,999.9,75.0, ,42.1, ,0.0,G,999.9,0,2,6,Winter,32.9,58.55,25.15,0.0,1,1
72287493134,54.6,69.7,24,58.8,24,1014.8,24,8.4,24,9.1,24,1.4,23,7.0,999.9,80.1, ,63.0, ,0.0,G,999.9,0,9,2,Fall,17.099999999999994,71.55,12.75,100.16999999999999,0,1
72287493134,54.6,58.9,24,47.9,24,1019.0,21,999.9,0,10.0,24,1.2,24,5.1,999.9,71.1, ,48.0, ,0.0,G,999.9,0,4,6,Spring,23.099999999999994,59.55,11.649999999999999,71.46,0,0
72287493134,54.6,66.0,24,58.7,24,1013.3,21,6.9,24,8.3,24,1.2,24,5.1,999.9,73.0, ,63.0, ,0.0,G,999.9,0,6,2,Summer,10.0,68.0,9.299999999999997,81.6,1,1
72287493134,54.6,61.5,24,52.7,24,1015.5,24,9.0,24,9.9,24,1.2,24,6.0,999.9,73.0, ,54.0, ,0.0,G,999.9,0,11,5,Fall,19.0,63.5,10.799999999999997,76.2,1,0
72287493134,54.6,72.2,24,60.6,24,1012.5,20,6.2,24,5.3,24,1.2,24,7.0,999.9,82.9, ,66.9, ,0.0,G,999.9,0,8,5,Summer,16.0,74.9,14.300000000000004,89.88000000000001,1,1
72287493134,54.6,69.4,24,57.8,24,1012.6,24,6.2,24,9.2,24,1.2,24,4.1,999.9,86.0, ,62.1, ,0.0,G,999.9,10000,6,2,Summer,23.9,74.05,16.25,88.86,0,1
72287493134,54.6,63.3,24,24.1,24,1022.5,24,15.9,24,9.4,24,0.2,24,4.1,999.9,82.9, ,48.0, ,0.0,G,999.9,0,12,5,Winter,34.900000000000006,65.45,41.35,13.090000000000002,1,1
72287493134,54.6,54.6,24,24.3,24,1022.7,24,15.9,24,10.0,24,1.2,24,5.1,999.9,66.0, ,39.9, ,0.0,G,999.9,0,12,5,Winter,26.1,52.95,28.650000000000002,63.54,1,1
72287493134,54.6,88.7,24,66.4,24,1011.1,24,4.9,24,10.0,24,1.7,23,7.0,999.9,100.0, ,78.1, ,0.0,G,999.9,0,9,6,Fall,21.900000000000006,89.05,22.64999999999999,151.385,1,0
72287493134,54.6,76.7,24,54.8,24,1012.4,24,6.0,24,10.0,24,1.1,24,5.1,999.9,96.1, ,64.0, ,0.0,G,999.9,0,10,4,Fall,32.099999999999994,80.05,25.25,88.055,0,1
72287493134,54.6,70.9,22,58.3,22,1010.7,19,4.4,22,9.8,22,1.6,22,7.0,999.9,89.1, ,63.0, ,0.0,G,999.9,0,6,2,Summer,26.099999999999994,76.05,17.75,121.68,1,1
72287493134,54.6,62.1,24,46.9,24,1017.3,24,10.7,24,9.5,24,1.1,24,6.0,999.9,82.0, ,55.0, ,0.0,G,999.9,10000,12,4,Winter,27.0,68.5,21.6,75.35000000000001,0,1
72287493134,54.6,76.2,24,63.0,24,1011.5,24,5.2,24,9.7,24,2.5,22,5.1,999.9,91.0, ,68.0, ,0.0,G,999.9,0,7,1,Summer,23.0,79.5,16.5,198.75,1,1
72287493134,54.6,74.5,24,39.2,24,1016.3,24,9.9,24,10.0,24,1.3,24,4.1,999.9,90.0, ,57.9, ,0.0,G,999.9,0,11,5,Fall,32.1,73.95,34.75,96.135,1,0
72287493134,54.6,61.1,24,38.2,23,1009.5,24,3.0,24,10.0,24,1.4,24,6.0,999.9,73.9, ,52.0, ,0.0,G,999.9,0,2,0,Winter,21.900000000000006,62.95,24.75,88.13,0,1
72287493134,54.6,66.6,24,58.5,24,1013.6,22,7.2,24,7.5,24,0.9,23,5.1,999.9,78.1, ,59.0, ,0.0,G,999.9,0,10,4,Fall,19.099999999999994,68.55,10.049999999999997,61.695,1,1
72287493134,54.6,48.9,24,41.7,24,1011.8,18,5.1,24,8.8,24,2.6,24,7.0,999.9,55.0, ,42.1, ,0.01,G,999.9,10000,12,2,Winter,12.899999999999999,48.55,6.849999999999994,126.23,0,0
72287493134,54.6,55.8,24,47.9,24,1014.3,18,7.6,24,4.9,24,1.2,24,5.1,999.9,69.1, ,48.0, ,0.0,G,999.9,0,2,0,Winter,21.099999999999994,58.55,10.649999999999999,70.25999999999999,1,1
72287493134,54.6,70.9,24,61.5,24,1012.9,24,6.5,24,10.0,24,2.0,23,7.0,999.9,79.0, ,64.9, ,0.0,G,999.9,0,9,4,Fall,14.099999999999994,71.95,10.450000000000003,143.9,0,0
72287493134,54.6,82.5,24,53.0,24,1011.5,24,5.2,24,9.5,24,0.8,24,6.0,999.9,102.9, ,68.0, ,0.0,G,999.9,0,10,3,Fall,34.900000000000006,85.45,32.45,68.36,1,1
72287493134,54.6,56.9,24,43.1,24,1018.5,24,11.9,24,9.7,24,0.6,24,4.1,999.9,75.0, ,45.0, ,0.0,G,999.9,0,1,3,Winter,30.0,60.0,16.9,36.0,1,1
72287493134,54.6,64.4,24,50.2,24,1011.1,18,4.7,24,10.0,24,0.9,22,5.1,999.9,75.0, ,60.1, ,0.0,G,999.9,0,5,3,Spring,14.899999999999999,67.55,17.349999999999994,60.795,1,0
72287493134,54.6,69.5,24,45.5,24,1016.5,24,10.1,24,10.0,24,1.0,24,6.0,999.9,88.0, ,57.0, ,0.0,G,999.9,0,11,4,Fall,31.0,72.5,27.0,72.5,0,0
72287493134,54.6,54.7,24,34.3,24,1014.6,24,8.0,24,10.0,24,1.7,24,8.9,21.0,64.0, ,46.9, ,0.0,G,999.9,0,11,0,Fall,17.1,55.45,21.150000000000006,94.265,0,0
72287493134,54.6,65.8,24,61.3,24,1014.2,17,7.7,24,7.2,24,2.3,23,6.0,999.9,75.0, ,62.1, ,0.19,G,999.9,10000,10,0,Fall,12.899999999999999,68.55,7.25,157.665,0,0
72287493134,54.6,57.4,24,51.6,24,1017.1,22,10.5,24,8.0,24,1.2,24,6.0,999.9,66.0, ,55.0, ,0.0,G,999.9,0,2,6,Winter,11.0,60.5,8.899999999999999,72.6,0,1
72287493134,54.6,59.5,24,33.6,24,1017.7,24,11.1,24,10.0,24,1.0,24,5.1,999.9,71.1, ,50.0, ,0.0,G,999.9,0,11,6,Fall,21.099999999999994,60.55,26.949999999999996,60.55,0,0
72287493134,54.6,73.5,24,66.1,24,1014.4,18,8.3,24,8.1,24,1.8,24,5.1,999.9,84.0, ,68.0, ,0.0,G,999.9,10000,9,5,Fall,16.0,76.0,9.900000000000006,136.8,0,1
72287493134,54.6,57.7,24,50.4,24,1016.4,24,9.5,24,9.0,24,0.8,24,6.0,999.9,70.0, ,50.0, ,0.49,G,999.9,0,10,1,Fall,20.0,60.0,9.600000000000001,48.0,0,0
72287493134,54.6,63.2,24,54.5,24,1015.6,23,9.1,24,10.0,24,2.0,24,6.0,999.9,72.0, ,57.9, ,0.0,G,999.9,0,11,4,Fall,14.100000000000001,64.95,10.450000000000003,129.9,0,0
72287493134,54.6,72.6,24,57.8,23,1014.3,24,7.8,23,7.9,24,1.0,23,5.1,999.9,82.9,*,62.1,*,0.0,G,999.9,0,4,1,Spring,20.800000000000004,72.5,14.700000000000003,72.5,1,1
72287493134,54.6,53.4,24,33.8,24,1017.5,24,10.8,24,10.0,24,0.8,24,2.9,999.9,66.9, ,43.0, ,0.0,G,999.9,0,12,6,Winter,23.900000000000006,54.95,21.150000000000006,43.96000000000001,1,1
72287493134,54.6,69.0,24,57.2,24,1011.4,23,4.9,24,8.0,24,1.3,24,8.0,999.9,82.0, ,59.0, ,0.0,G,999.9,0,5,1,Spring,23.0,70.5,13.299999999999997,91.65,1,1
72287493134,54.6,58.4,24,48.8,24,1012.2,24,5.7,24,9.3,24,1.4,24,6.0,999.9,71.1, ,51.1, ,0.2,G,999.9,10000,5,0,Spring,19.999999999999993,61.099999999999994,12.299999999999997,85.53999999999999,1,0
72287493134,54.6,61.6,24,34.4,24,1021.8,24,15.2,24,9.8,24,0.5,24,2.9,999.9,75.9, ,46.9, ,0.0,G,999.9,0,1,3,Winter,29.000000000000007,61.400000000000006,27.000000000000007,30.700000000000003,1,1
72287493134,54.6,59.2,24,40.4,24,1016.1,24,9.5,24,10.0,24,2.3,24,11.1,22.0,69.1, ,51.1, ,0.0,G,999.9,0,5,1,Spring,17.999999999999993,60.099999999999994,19.699999999999996,138.23,0,0
72287493134,54.6,65.2,24,56.5,24,1013.2,20,6.7,24,10.0,24,1.1,24,5.1,999.9,71.1, ,60.1, ,0.0,G,999.9,0,6,3,Summer,10.999999999999993,65.6,9.099999999999994,72.16,0,0
72287493134,54.6,63.0,24,49.4,24,1012.0,22,5.4,24,9.3,24,2.2,22,7.0,999.9,80.1, ,54.0, ,0.0,G,999.9,0,3,1,Spring,26.099999999999994,67.05,17.65,147.51000000000002,1,1
72287493134,54.6,64.8,24,47.4,24,1011.7,24,5.2,24,10.0,24,2.1,24,7.0,14.0,75.0, ,57.0, ,0.0,G,999.9,0,5,5,Spring,18.0,66.0,18.6,138.6,1,0
72287493134,54.6,62.6,23,52.6,23,1016.2,20,9.7,23,6.8,23,0.9,23,5.1,999.9,75.0, ,57.0, ,0.0,G,999.9,0,3,4,Spring,18.0,66.0,13.399999999999999,59.4,1,1
72287493134,54.6,56.9,24,52.0,24,1014.0,14,7.2,24,7.2,24,2.1,24,7.0,999.9,64.0, ,54.0, ,0.12,G,999.9,10000,3,0,Spring,10.0,59.0,7.0,123.9,0,0
72287493134,54.6,59.9,24,51.9,24,1017.6,18,10.9,24,7.3,24,0.8,24,5.1,999.9,80.1, ,54.0, ,0.0,G,999.9,0,11,2,Fall,26.099999999999994,67.05,15.149999999999999,53.64,0,1
72287493134,54.6,65.4,24,50.5,24,1015.8,24,9.3,24,10.0,24,0.5,22,4.1,999.9,79.0, ,55.0, ,0.0,G,999.9,0,10,6,Fall,24.0,67.0,16.5,33.5,1,0
72287493134,54.6,76.3,24,55.2,24,1012.6,24,6.3,24,9.7,24,0.6,23,5.1,999.9,93.9, ,66.0, ,0.0,G,999.9,0,10,2,Fall,27.900000000000006,79.95,24.75,47.97,1,1
72287493134,54.6,73.4,24,63.7,24,1015.2,22,8.8,24,9.4,24,1.2,23,5.1,999.9,82.0,*,68.0,*,0.0,G,999.9,0,8,5,Summer,14.0,75.0,11.299999999999997,90.0,0,0
72287493134,54.6,73.1,24,63.1,24,1011.8,22,5.5,24,8.7,24,1.4,24,7.0,999.9,89.1, ,64.0, ,0.0,G,999.9,0,7,6,Summer,25.099999999999994,76.55,13.449999999999996,107.16999999999999,1,1
72287493134,54.6,50.7,24,26.1,24,1022.2,24,15.4,24,10.0,24,1.3,23,5.1,999.9,62.1, ,37.0, ,0.0,G,999.9,0,2,4,Winter,25.1,49.55,23.449999999999996,64.41499999999999,0,0
72287493134,54.6,58.7,24,52.8,24,1018.4,18,12.0,24,6.8,24,1.9,24,7.0,999.9,68.0, ,53.1, ,0.01,G,999.9,10000,2,4,Winter,14.899999999999999,60.55,7.75,115.04499999999999,0,0
72287493134,54.6,70.4,24,59.4,24,1014.8,22,8.4,24,10.0,24,1.1,23,7.0,999.9,79.0, ,64.0, ,0.0,G,999.9,0,9,0,Fall,15.0,71.5,12.100000000000001,78.65,0,0
72287493134,54.6,56.7,24,53.0,24,1017.4,7,10.4,24,6.9,24,3.9,24,8.9,15.9,61.0, ,54.0, ,0.13,G,999.9,10000,2,0,Winter,7.0,57.5,4.5,224.25,0,0
72287493134,54.6,67.0,24,41.6,24,1015.8,24,9.4,24,9.3,24,1.5,24,4.1,999.9,81.0, ,52.0, ,0.0,G,999.9,0,2,4,Winter,29.0,66.5,24.9,99.75,1,1
72287493134,54.6,65.6,24,55.9,24,1016.0,16,9.6,24,10.0,24,1.8,24,6.0,999.9,73.0, ,59.0, ,0.18,G,999.9,0,3,2,Spring,14.0,66.0,10.100000000000001,118.8,0,0
72287493134,54.6,69.6,24,57.2,24,1012.7,24,6.3,24,9.8,24,1.6,24,7.0,999.9,82.9, ,61.0, ,0.0,G,999.9,0,7,0,Summer,21.900000000000006,71.95,14.75,115.12,0,0
72287493134,54.6,64.4,24,54.5,24,1011.8,21,5.3,24,10.0,24,1.3,22,6.0,999.9,71.1, ,60.1, ,0.0,G,999.9,0,5,0,Spring,10.999999999999993,65.6,11.099999999999994,85.28,1,0
72287493134,54.6,60.2,24,13.6,24,1022.2,24,15.5,24,10.0,24,1.6,24,5.1,999.9,73.9, ,46.9, ,0.0,G,999.9,0,12,4,Winter,27.000000000000007,60.400000000000006,46.800000000000004,96.64000000000001,1,1
72287493134,54.6,63.5,24,52.8,24,1014.1,20,7.8,24,10.0,24,1.0,24,5.1,999.9,71.1, ,60.1, ,0.0,G,999.9,10000,6,2,Summer,10.999999999999993,65.6,12.799999999999997,65.6,0,0
72287493134,54.6,71.3,24,59.4,24,1012.5,20,6.1,24,2.5,24,1.3,23,5.1,999.9,89.1, ,64.9, ,0.0,G,999.9,0,5,5,Spring,24.19999999999999,77.0,17.6,100.10000000000001,1,1
72287493134,54.6,64.4,24,55.8,24,1014.6,21,7.9,24,10.0,24,1.3,24,5.1,999.9,71.1, ,59.0, ,0.0,G,999.9,0,5,0,Spring,12.099999999999994,65.05,9.25,84.565,0,0
72287493134,54.6,65.4,24,57.1,24,1018.4,23,11.8,24,9.8,24,1.2,24,5.1,999.9,75.9, ,59.0, ,0.09,G,999.9,0,10,1,Fall,16.900000000000006,67.45,10.350000000000001,80.94,0,0
72287493134,54.6,61.4,24,51.4,24,1019.9,21,13.1,24,10.0,24,1.9,24,8.9,15.9,72.0, ,53.1, ,0.0,G,999.9,0,3,5,Spring,18.9,62.55,11.149999999999999,118.84499999999998,0,0
72287493134,54.6,80.6,24,61.0,24,1008.9,24,2.6,24,10.0,24,0.8,23,4.1,999.9,97.0, ,68.0, ,0.0,G,999.9,0,7,5,Summer,29.0,82.5,21.5,66.0,1,1
72287493134,54.6,60.5,24,48.6,24,1017.7,24,11.1,24,10.0,24,1.1,23,7.0,999.9,72.0, ,54.0, ,0.0,G,999.9,0,4,5,Spring,18.0,63.0,14.399999999999999,69.30000000000001,0,0
72287493134,54.6,69.9,24,59.8,24,1008.7,24,2.3,24,9.9,24,2.3,22,7.0,999.9,77.0, ,66.0, ,0.0,G,999.9,0,9,6,Fall,11.0,71.5,11.700000000000003,164.45,0,0
72287493134,54.6,53.7,24,43.3,24,1018.8,19,11.9,24,8.8,24,2.4,23,6.0,999.9,63.0, ,48.0, ,0.38,G,999.9,10000,3,2,Spring,15.0,55.5,12.200000000000003,133.2,0,0
72287493134,54.6,68.0,24,45.4,24,1016.9,24,10.5,24,10.0,24,1.0,24,5.1,999.9,78.1,*,57.0,*,0.0,G,999.9,0,3,3,Spring,21.099999999999994,67.55,22.15,67.55,0,0
72287493134,54.6,90.2,16,62.0,16,1000.7,16,994.6,16,10.0,16,5.6,16,15.0,22.9,98.1, ,79.0, ,0.0,G,999.9,0,9,4,Fall,19.099999999999994,88.55,26.549999999999997,495.87999999999994,0,0
72287493134,54.6,72.2,24,59.7,24,1014.2,23,7.8,24,5.5,24,0.5,23,4.1,999.9,90.0, ,63.0, ,0.0,G,999.9,0,10,1,Fall,27.0,76.5,16.799999999999997,38.25,1,1
72287493134,54.6,64.2,24,53.4,24,1016.6,19,10.1,24,10.0,24,2.5,24,5.1,999.9,71.1, ,55.9, ,0.0,G,999.9,0,5,2,Spring,15.199999999999996,63.5,10.100000000000001,158.75,0,0
72287493134,54.6,52.9,24,48.9,24,1007.5,21,1.2,24,8.8,24,1.7,24,6.0,999.9,59.0, ,45.0, ,1.88,G,999.9,10000,12,4,Winter,14.0,52.0,3.1000000000000014,88.39999999999999,1,0
72287493134,54.6,68.0,24,58.4,24,1013.1,22,6.7,24,9.8,24,1.3,22,8.0,999.9,81.0, ,60.1, ,0.0,G,999.9,0,9,4,Fall,20.9,70.55,12.149999999999999,91.715,1,0
72287493134,54.6,75.0,24,28.2,24,1018.9,24,12.6,23,10.0,24,1.6,24,5.1,999.9,88.0, ,57.0, ,0.0,G,999.9,0,2,4,Winter,31.0,72.5,44.3,116.0,0,0
72287493134,54.6,64.8,24,52.2,24,1016.4,24,9.9,24,10.0,24,2.0,23,7.0,999.9,72.0, ,57.9, ,0.0,G,999.9,0,5,5,Spring,14.100000000000001,64.95,12.75,129.9,0,0
72287493134,54.6,56.2,24,25.0,24,1018.0,24,11.3,24,10.0,24,1.9,24,5.1,999.9,69.1, ,48.0, ,0.0,G,999.9,0,12,5,Winter,21.099999999999994,58.55,33.55,111.24499999999999,0,0
72287493134,54.6,56.2,24,45.5,24,1014.1,21,7.7,21,9.9,24,1.9,24,7.0,15.9,64.9, ,48.0, ,0.0,G,999.9,0,1,6,Winter,16.900000000000006,56.45,10.950000000000003,107.255,0,0
72287493134,54.6,67.3,24,57.8,24,1013.0,22,6.5,24,9.0,24,1.7,24,6.0,999.9,80.1, ,60.1, ,0.0,G,999.9,0,7,6,Summer,19.999999999999993,70.1,12.299999999999997,119.16999999999999,0,1
72287493134,54.6,59.1,24,50.2,24,1016.9,20,10.5,24,10.0,24,1.6,23,6.0,999.9,66.0,*,54.0,*,0.0,G,999.9,0,3,2,Spring,12.0,60.0,9.799999999999997,96.0,0,0
72287493134,54.6,58.4,24,44.5,24,1024.8,24,18.1,24,8.5,24,0.5,24,4.1,999.9,72.0, ,48.0, ,0.0,G,999.9,0,1,6,Winter,24.0,60.0,15.5,30.0,1,1
72287493134,54.6,60.0,24,56.1,24,1012.8,15,5.9,24,7.3,24,2.3,24,7.0,999.9,71.1, ,57.0, ,0.0,G,999.9,10000,10,0,Fall,14.099999999999994,64.05,7.949999999999996,147.31499999999997,0,1
72287493134,54.6,59.8,24,46.7,24,1006.1,18,999.1,24,9.6,24,2.1,24,7.0,21.0,75.9, ,54.0, ,0.0,G,999.9,10000,11,5,Fall,21.900000000000006,64.95,18.25,136.395,0,0
72287493134,54.6,60.2,24,33.7,24,1015.8,24,9.3,24,10.0,24,2.7,24,7.0,999.9,71.1, ,52.0, ,0.0,G,999.9,0,2,0,Winter,19.099999999999994,61.55,27.849999999999994,166.185,0,0
72287493134,54.6,49.8,24,41.2,24,1012.5,23,5.8,24,9.5,24,2.2,24,7.0,999.9,60.1, ,45.0, ,0.71,G,999.9,10000,12,0,Winter,15.100000000000001,52.55,11.349999999999994,115.61,0,0
72287493134,54.6,71.5,24,54.8,24,1012.2,24,5.8,24,9.9,24,0.6,24,4.1,999.9,82.9, ,61.0, ,0.0,G,999.9,0,6,1,Summer,21.900000000000006,71.95,17.150000000000006,43.17,1,0
72287493134,54.6,65.2,24,56.0,24,1014.8,21,8.3,24,9.0,24,1.7,24,5.1,999.9,78.1, ,60.1, ,0.0,G,999.9,0,5,5,Spring,17.999999999999993,69.1,13.099999999999994,117.46999999999998,1,1
72287493134,54.6,59.1,24,43.4,24,1017.8,22,11.3,24,9.4,24,0.7,24,5.1,999.9,71.1, ,50.0, ,0.0,G,999.9,0,2,3,Winter,21.099999999999994,60.55,17.15,42.385,1,1
72287493134,54.6,71.4,24,54.9,24,1013.2,24,6.8,24,10.0,24,1.2,24,7.0,999.9,84.9, ,61.0, ,0.0,G,999.9,0,9,3,Fall,23.900000000000006,72.95,18.050000000000004,87.54,0,0
72287493134,54.6,82.1,24,62.7,24,1010.4,24,4.1,24,9.6,24,1.3,24,6.0,999.9,98.1, ,73.0, ,0.0,G,999.9,0,8,6,Summer,25.099999999999994,85.55,22.849999999999994,111.215,1,1
72287493134,54.6,58.2,24,39.6,24,1016.0,24,9.3,24,10.0,24,1.4,24,6.0,999.9,71.1, ,48.0, ,0.0,G,999.9,0,11,6,Fall,23.099999999999994,59.55,19.949999999999996,83.36999999999999,0,0
72287493134,54.6,65.0,24,53.0,24,1017.3,23,10.8,24,10.0,24,1.1,24,7.0,999.9,77.0, ,55.9, ,0.0,G,999.9,0,11,2,Fall,21.1,66.45,13.450000000000003,73.09500000000001,0,0
72287493134,54.6,64.8,24,53.7,24,1016.4,24,9.9,24,10.0,24,1.7,23,6.0,999.9,73.9, ,57.9, ,0.0,G,999.9,0,9,2,Fall,16.000000000000007,65.9,12.200000000000003,112.03,0,0
72287493134,54.6,62.2,24,50.4,24,1018.0,21,11.5,24,7.8,24,1.5,24,6.0,999.9,80.1, ,53.1, ,0.0,G,999.9,0,2,2,Winter,26.999999999999993,66.6,16.199999999999996,99.89999999999999,1,1
72287493134,54.6,75.9,24,40.9,24,1016.0,24,9.6,24,9.3,24,2.2,24,5.1,999.9,96.1, ,59.0, ,0.0,G,999.9,0,10,6,Fall,37.099999999999994,77.55,36.65,170.61,1,1
72287493134,54.6,67.5,24,29.0,24,1023.8,24,17.2,24,10.0,24,0.6,24,4.1,999.9,82.9, ,52.0, ,0.0,G,999.9,0,2,2,Winter,30.900000000000006,67.45,38.45,40.47,0,0
72287493134,54.6,65.7,24,21.8,24,1012.8,24,6.3,24,10.0,24,4.6,23,9.9,21.0,73.0, ,52.0, ,0.0,G,999.9,0,3,2,Spring,21.0,62.5,40.7,287.5,0,0
72287493134,54.6,65.5,24,55.3,24,1012.7,24,6.2,24,9.9,24,1.0,24,6.0,999.9,75.0, ,55.0, ,0.0,G,999.9,0,5,5,Spring,20.0,65.0,9.700000000000003,65.0,0,0
72287493134,54.6,56.8,24,41.5,24,1021.2,24,14.5,24,10.0,24,1.0,24,2.9,999.9,69.1, ,46.0, ,0.0,G,999.9,0,1,5,Winter,23.099999999999994,57.55,16.049999999999997,57.55,0,1
72287493134,54.6,68.2,24,44.5,24,1015.6,24,9.2,24,10.0,24,0.8,24,7.0,15.0,82.9, ,55.9, ,0.0,G,999.9,0,3,2,Spring,27.000000000000007,69.4,24.900000000000006,55.52000000000001,1,0
72287493134,54.6,68.4,23,59.5,23,1013.0,18,6.6,23,8.0,23,1.3,23,6.0,999.9,78.1, ,64.0, ,0.0,G,999.9,0,6,1,Summer,14.099999999999994,71.05,11.549999999999997,92.365,1,1
72287493134,54.6,59.5,24,50.9,24,1011.6,8,4.9,24,8.5,24,1.9,24,6.0,999.9,64.9, ,55.9, ,0.45,G,999.9,10000,4,0,Spring,9.000000000000007,60.400000000000006,9.500000000000007,114.76,0,0
72287493134,54.6,71.7,24,59.9,24,1010.9,24,4.6,24,9.9,24,1.4,23,5.1,999.9,82.9, ,64.9, ,0.0,G,999.9,0,7,0,Summer,18.0,73.9,14.000000000000007,103.46000000000001,1,1
72287493134,54.6,65.1,24,36.1,24,1018.3,24,11.8,24,10.0,24,1.3,24,4.1,999.9,75.0, ,53.1, ,0.01,G,999.9,10000,1,6,Winter,21.9,64.05,27.949999999999996,83.265,0,0
72287493134,54.6,69.1,24,60.6,24,1008.9,19,2.7,24,9.5,24,0.8,24,4.1,999.9,77.0, ,64.9, ,0.0,G,999.9,0,8,5,Summer,12.099999999999994,70.95,10.350000000000001,56.760000000000005,0,1
72287493134,54.6,64.6,24,58.2,24,1015.4,23,8.8,24,6.1,24,0.9,24,5.1,999.9,75.0, ,57.0, ,0.0,G,999.9,0,10,4,Fall,18.0,66.0,7.799999999999997,59.4,1,1
72287493134,54.6,67.7,24,25.3,24,1016.6,24,10.1,24,10.0,24,2.3,24,6.0,999.9,82.0, ,48.0, ,0.0,G,999.9,0,3,4,Spring,34.0,65.0,39.7,149.5,0,0
72287493134,54.6,59.3,24,52.1,24,1016.7,21,10.1,24,5.0,24,1.3,24,5.1,999.9,69.1, ,54.0, ,0.0,G,999.9,0,11,0,Fall,15.099999999999994,61.55,9.449999999999996,80.015,1,1
72287493134,54.6,63.3,24,50.1,24,1015.8,24,9.3,24,10.0,24,1.0,21,6.0,999.9,73.9,*,55.9,*,0.0,G,999.9,0,4,6,Spring,18.000000000000007,64.9,14.800000000000004,64.9,0,0
72287493134,54.6,77.4,24,50.4,24,1013.6,24,7.3,24,9.9,24,1.3,24,7.0,999.9,98.1, ,64.9, ,0.0,G,999.9,0,6,3,Summer,33.19999999999999,81.5,31.1,105.95,1,1
72287493134,54.6,59.6,24,24.8,24,1023.4,24,16.7,24,10.0,24,1.9,24,8.0,999.9,73.0,*,46.0,*,0.0,G,999.9,0,2,6,Winter,27.0,59.5,34.7,113.05,0,0
72287493134,54.6,65.9,24,58.6,24,1015.4,21,8.9,24,9.5,24,0.7,24,4.1,999.9,73.9, ,62.1, ,0.0,G,999.9,0,10,3,Fall,11.800000000000004,68.0,9.399999999999999,47.599999999999994,0,0
72287493134,54.6,76.3,24,65.6,24,1013.5,24,7.2,24,7.8,24,1.2,22,6.0,999.9,89.1,*,70.0,*,0.0,G,999.9,0,7,5,Summer,19.099999999999994,79.55,13.950000000000003,95.46,1,1
72287493134,54.6,64.3,24,53.6,24,1009.1,20,2.4,24,9.6,24,1.6,23,7.0,15.0,79.0, ,55.0, ,0.0,G,999.9,0,10,0,Fall,24.0,67.0,13.399999999999999,107.2,1,1
72287493134,54.6,55.6,24,44.8,24,1019.1,23,12.5,24,7.8,24,0.5,24,4.1,999.9,64.9, ,48.0, ,0.0,G,999.9,0,1,1,Winter,16.900000000000006,56.45,11.650000000000006,28.225,1,1
72287493134,54.6,62.4,24,53.1,24,1015.0,21,8.5,24,9.4,24,1.5,24,7.0,15.0,73.0, ,57.0, ,0.0,G,999.9,0,4,3,Spring,16.0,65.0,11.899999999999999,97.5,1,0
72287493134,54.6,54.9,24,49.8,24,1015.2,21,8.5,24,8.6,24,0.8,24,6.0,999.9,62.1, ,48.9, ,0.89,G,999.9,10000,1,4,Winter,13.200000000000003,55.5,5.700000000000003,44.400000000000006,1,0
72287493134,54.6,64.4,24,56.5,24,1016.7,21,10.2,24,10.0,24,1.0,24,5.1,999.9,77.0, ,55.9, ,0.0,G,999.9,0,11,3,Fall,21.1,66.45,9.950000000000003,66.45,0,0
72287493134,54.6,74.7,24,61.8,24,1013.4,23,7.1,24,6.3,24,1.3,24,6.0,999.9,93.0, ,66.0, ,0.0,G,999.9,0,9,1,Fall,27.0,79.5,17.700000000000003,103.35000000000001,1,1
72287493134,54.6,52.5,24,39.9,24,1015.0,18,7.7,24,9.7,24,0.8,24,5.1,999.9,62.1, ,45.0, ,0.0,G,999.9,0,1,5,Winter,17.1,53.55,13.649999999999999,42.84,1,1
72287493134,54.6,54.3,24,30.0,24,1022.2,24,15.5,24,10.0,24,0.5,24,4.1,999.9,69.1, ,42.1, ,0.0,G,999.9,0,12,2,Winter,26.999999999999993,55.599999999999994,25.599999999999994,27.799999999999997,1,1
72287493134,54.6,73.8,24,63.8,24,1013.4,24,7.0,24,9.3,24,2.2,23,6.0,999.9,86.0, ,66.9, ,0.0,G,999.9,0,7,2,Summer,19.099999999999994,76.45,12.650000000000006,168.19000000000003,0,1
72287493134,54.6,72.7,24,60.7,24,1011.1,24,4.7,24,9.9,24,1.6,24,5.1,999.9,88.0, ,62.1, ,0.0,G,999.9,0,6,6,Summer,25.9,75.05,14.349999999999994,120.08,1,1
72287493134,54.6,63.9,24,55.9,24,1012.2,22,5.7,24,7.3,24,1.5,24,5.1,999.9,80.1, ,59.0, ,0.0,G,999.9,0,5,4,Spring,21.099999999999994,69.55,13.649999999999999,104.32499999999999,1,1
72287493134,54.6,67.0,23,50.2,23,1016.5,22,10.0,23,10.0,23,2.5,21,8.0,15.9,77.0, ,57.0, ,0.0,G,999.9,0,5,2,Spring,20.0,67.0,16.799999999999997,167.5,0,0
72287493134,54.6,69.5,24,53.0,24,1012.4,24,6.0,24,9.9,24,1.0,24,6.0,999.9,86.0, ,57.9, ,0.0,G,999.9,0,9,3,Fall,28.1,71.95,18.950000000000003,71.95,1,1
72287493134,54.6,59.6,24,52.5,24,1019.6,23,12.8,24,8.5,24,0.3,24,4.1,999.9,66.9, ,54.0, ,0.0,G,999.9,0,12,6,Winter,12.900000000000006,60.45,7.950000000000003,18.135,1,1
72287493134,54.6,80.1,24,63.2,24,1006.9,24,0.6,24,9.4,24,1.4,23,6.0,999.9,96.1, ,70.0, ,0.0,G,999.9,0,8,2,Summer,26.099999999999994,83.05,19.849999999999994,116.26999999999998,1,1
72287493134,54.6,67.8,24,57.7,24,1013.7,24,7.3,24,8.7,24,2.0,24,7.0,999.9,82.0, ,61.0, ,0.0,G,999.9,0,5,3,Spring,21.0,71.5,13.799999999999997,143.0,1,1
72287493134,54.6,70.0,24,60.8,24,1012.2,24,5.8,24,9.3,24,1.5,24,5.1,999.9,80.1, ,63.0, ,0.0,G,999.9,0,7,5,Summer,17.099999999999994,71.55,10.75,107.32499999999999,1,1
72287493134,54.6,72.7,24,59.9,24,1013.6,21,7.1,24,7.9,24,1.5,23,6.0,999.9,84.9,*,64.9,*,0.0,G,999.9,0,7,2,Summer,20.0,74.9,15.000000000000007,112.35000000000001,1,1
72287493134,54.6,61.2,24,53.3,24,1016.0,20,9.5,24,6.2,24,1.1,22,5.1,999.9,73.0, ,54.0, ,0.0,G,999.9,100000,3,2,Spring,19.0,63.5,10.200000000000003,69.85000000000001,1,1
72287493134,54.6,62.9,24,53.5,24,1015.0,24,8.6,24,10.0,24,1.3,22,5.1,999.9,69.1, ,59.0, ,0.0,G,999.9,0,5,5,Spring,10.099999999999994,64.05,10.549999999999997,83.265,0,0
72287493134,54.6,60.8,24,47.7,24,1020.0,24,13.4,24,8.6,24,0.2,24,2.9,999.9,77.0, ,48.9, ,0.0,G,999.9,0,12,0,Winter,28.1,62.95,15.25,12.590000000000002,1,1
72287493134,54.6,74.4,24,63.0,24,1013.4,23,7.0,24,8.7,24,0.9,23,4.1,999.9,84.9, ,66.9, ,0.1,G,999.9,0,7,2,Summer,18.0,75.9,12.900000000000006,68.31,1,0
72287493134,54.6,57.3,24,51.7,24,1013.1,17,6.5,24,6.9,24,0.9,24,6.0,999.9,64.9, ,51.1, ,0.46,G,999.9,10000,12,2,Winter,13.800000000000004,58.0,6.299999999999997,52.2,1,0
72287493134,54.6,77.5,24,54.8,24,1013.8,24,7.4,24,9.8,24,0.8,24,6.0,999.9,93.9, ,63.0, ,0.0,G,999.9,0,10,1,Fall,30.900000000000006,78.45,23.650000000000006,62.760000000000005,1,1
72287493134,54.6,83.7,24,40.4,24,1012.3,24,5.9,24,10.0,24,2.3,24,7.0,999.9,104.0, ,63.0, ,0.0,G,999.9,0,9,0,Fall,41.0,83.5,43.1,192.04999999999998,0,0
72287493134,54.6,63.4,24,43.7,24,1014.1,24,7.5,24,10.0,24,1.5,23,5.1,999.9,75.9, ,53.1, ,0.0,G,999.9,0,4,5,Spring,22.800000000000004,64.5,20.799999999999997,96.75,0,0
72287493134,54.6,51.5,24,37.6,24,1020.9,24,14.1,24,9.9,24,0.8,24,4.1,999.9,63.0, ,43.0, ,0.0,G,999.9,0,12,2,Winter,20.0,53.0,15.399999999999999,42.400000000000006,1,1
72287493134,54.6,63.1,24,52.5,24,1009.3,20,2.7,24,9.8,24,2.7,24,6.0,15.9,72.0, ,59.0, ,0.0,G,999.9,0,5,5,Spring,13.0,65.5,13.0,176.85000000000002,0,0
72287493134,54.6,67.9,24,58.5,24,1011.9,23,5.4,24,8.1,24,2.1,24,7.0,999.9,77.0, ,62.1, ,0.0,G,999.9,0,6,5,Summer,14.899999999999999,69.55,11.049999999999997,146.055,1,1
72287493134,54.6,61.6,24,51.9,24,1013.7,23,7.0,24,10.0,24,1.2,24,5.1,999.9,68.0, ,57.0, ,0.0,G,999.9,0,5,5,Spring,11.0,62.5,10.600000000000001,75.0,0,0
72287493134,54.6,73.2,24,59.6,24,1007.9,24,1.6,24,8.6,24,0.9,24,6.0,999.9,89.1, ,64.9, ,0.0,G,999.9,0,8,4,Summer,24.19999999999999,77.0,17.4,69.3,1,1
72287493134,54.6,57.2,24,43.3,24,1009.2,24,2.6,24,10.0,24,3.2,22,8.9,20.0,64.9, ,50.0, ,0.28,G,999.9,0,3,6,Spring,14.900000000000006,57.45,14.150000000000006,183.84000000000003,0,0
72287493134,54.6,76.7,24,64.8,24,1012.5,24,6.2,24,9.3,24,1.5,23,5.1,999.9,91.9, ,69.1, ,0.0,G,999.9,0,7,4,Summer,22.80000000000001,80.5,15.700000000000003,120.75,1,1
72287493134,54.6,55.7,24,40.7,24,1020.2,24,13.6,24,10.0,24,2.2,23,11.1,25.1,66.0, ,48.0, ,0.0,G,999.9,0,3,1,Spring,18.0,57.0,16.299999999999997,125.4,0,0
72287493134,54.6,70.6,24,59.8,24,1016.2,24,9.8,24,10.0,24,1.1,24,4.1,999.9,84.0, ,61.0, ,0.0,G,999.9,0,7,6,Summer,23.0,72.5,12.700000000000003,79.75,0,0
72287493134,54.6,68.6,24,58.0,24,1013.9,21,7.6,24,7.4,24,1.0,24,5.1,999.9,81.0, ,62.1, ,0.0,G,999.9,0,7,0,Summer,18.9,71.55,13.549999999999997,71.55,1,1
72287493134,54.6,66.6,24,54.2,24,1009.2,22,2.8,24,9.4,24,1.6,24,6.0,999.9,86.0, ,59.0, ,0.0,G,999.9,0,4,6,Spring,27.0,72.5,18.299999999999997,116.0,0,1
72287493134,54.6,63.9,24,51.2,24,1013.0,21,6.6,24,8.8,24,1.2,24,6.0,999.9,84.9, ,57.0, ,0.0,G,999.9,0,4,1,Spring,27.900000000000006,70.95,19.75,85.14,1,1
72287493134,54.6,49.1,24,41.7,24,1012.5,23,5.7,24,7.9,24,1.4,24,6.0,999.9,60.1, ,43.0, ,0.38,G,999.9,10000,1,6,Winter,17.1,51.55,9.849999999999994,72.16999999999999,1,0
72287493134,54.6,74.3,24,63.8,24,1013.8,24,7.4,24,9.3,24,1.2,24,6.0,999.9,86.0, ,66.9, ,0.0,G,999.9,0,7,2,Summer,19.099999999999994,76.45,12.650000000000006,91.74,1,1
72287493134,54.6,52.7,24,12.2,24,1017.4,24,10.8,24,10.0,24,1.0,24,7.0,15.9,63.0, ,42.1, ,0.0,G,999.9,0,2,1,Winter,20.9,52.55,40.349999999999994,52.55,0,0
72287493134,54.6,55.5,24,44.7,24,1018.7,24,12.0,24,7.5,24,0.5,24,2.9,999.9,75.0, ,45.0, ,0.0,G,999.9,0,1,4,Winter,30.0,60.0,15.299999999999997,30.0,1,1
72287493134,54.6,57.6,24,51.2,24,1020.0,21,13.4,24,7.8,24,0.7,24,4.1,999.9,64.9, ,53.1, ,0.0,G,999.9,0,1,2,Winter,11.800000000000004,59.0,7.799999999999997,41.3,1,1
72287493134,54.6,69.1,24,62.1,24,1017.1,23,10.6,24,9.8,24,1.7,24,8.0,15.0,78.1, ,64.9, ,0.0,G,999.9,0,10,2,Fall,13.199999999999989,71.5,9.399999999999999,121.55,1,0
72287493134,54.6,71.2,24,63.1,24,1011.4,19,5.1,24,7.0,24,1.1,23,6.0,999.9,84.0, ,64.9, ,0.0,G,999.9,0,9,2,Fall,19.099999999999994,74.45,11.350000000000001,81.89500000000001,1,1
72287493134,54.6,60.4,24,27.7,24,1025.8,24,19.1,24,10.0,24,0.2,24,2.9,999.9,80.1, ,41.0, ,0.0,G,999.9,0,1,6,Winter,39.099999999999994,60.55,32.849999999999994,12.11,1,1
72287493134,54.6,63.5,24,55.4,24,1015.5,19,8.7,24,7.5,24,2.2,24,7.0,999.9,72.0, ,60.1, ,0.0,G,999.9,0,6,1,Summer,11.899999999999999,66.05,10.649999999999999,145.31,1,1
72287493134,54.6,55.8,24,44.3,24,1015.0,24,8.4,24,8.2,24,0.1,24,2.9,999.9,71.1, ,43.0, ,0.0,G,999.9,0,1,3,Winter,28.099999999999994,57.05,12.75,5.705,1,1
72287493134,54.6,76.4,24,63.8,24,1014.3,24,7.9,24,9.3,24,1.0,22,6.0,999.9,90.0, ,68.0, ,0.0,G,999.9,0,7,1,Summer,22.0,79.0,15.200000000000003,79.0,1,1
72287493134,54.6,58.4,24,50.8,24,1014.5,23,7.9,24,9.0,24,1.2,24,4.1,999.9,66.0, ,46.9, ,0.0,G,999.9,0,12,1,Winter,19.1,56.45,5.650000000000006,67.74,1,1
72287493134,54.6,70.9,24,55.6,24,1011.2,22,4.8,24,9.6,24,1.0,24,5.1,999.9,84.0, ,61.0, ,0.0,G,999.9,0,6,6,Summer,23.0,72.5,16.9,72.5,1,0
72287493134,54.6,72.6,24,62.1,24,1013.0,24,6.6,24,10.0,24,1.8,24,6.0,999.9,84.0, ,64.9, ,0.0,G,999.9,0,8,5,Summer,19.099999999999994,74.45,12.350000000000001,134.01000000000002,0,0
72287493134,54.6,63.7,24,51.0,24,1012.9,24,6.5,23,9.9,24,0.2,24,2.9,999.9,78.1, ,53.1, ,0.0,G,999.9,0,10,0,Fall,24.999999999999993,65.6,14.599999999999994,13.12,1,1
72287493134,54.6,71.9,23,32.2,23,1015.6,23,9.2,23,10.0,23,1.9,23,5.1,999.9,91.0, ,52.0, ,0.0,G,999.9,0,11,0,Fall,39.0,71.5,39.3,135.85,0,0
72287493134,54.6,71.4,24,61.2,24,1013.7,21,7.3,24,10.0,24,1.4,24,5.1,999.9,78.1,*,66.2,*,0.0,G,999.9,0,9,2,Fall,11.899999999999991,72.15,10.950000000000003,101.01,0,0
72287493134,54.6,59.8,24,48.1,24,1019.5,20,13.1,24,6.6,24,0.5,24,5.1,999.9,72.0, ,48.9, ,0.0,G,999.9,100000,2,6,Winter,23.1,60.45,12.350000000000001,30.225,1,1
72287493134,54.6,60.3,24,52.4,24,1011.7,20,5.0,24,8.2,24,1.2,24,7.0,999.9,73.0, ,55.9, ,0.0,G,999.9,10000,3,3,Spring,17.1,64.45,12.050000000000004,77.34,0,1
72287493134,54.6,59.5,24,48.4,24,1017.8,22,11.2,24,10.0,24,1.8,20,7.0,999.9,71.1, ,50.0, ,0.0,G,999.9,0,3,0,Spring,21.099999999999994,60.55,12.149999999999999,108.99,0,0
72287493134,54.6,61.5,24,46.5,24,1015.0,23,8.5,24,10.0,24,1.8,22,7.0,18.1,70.0, ,55.0, ,0.0,G,999.9,0,3,5,Spring,15.0,62.5,16.0,112.5,0,0
72287493134,54.6,56.7,24,35.9,24,1016.6,24,9.9,24,10.0,24,1.3,24,7.0,999.9,68.0, ,46.9, ,0.0,G,999.9,0,11,2,Fall,21.1,57.45,21.550000000000004,74.685,1,0
72287493134,54.6,68.9,24,59.0,24,1012.3,24,5.8,24,9.9,24,1.4,24,5.1,999.9,78.1, ,61.0, ,0.0,G,999.9,0,8,1,Summer,17.099999999999994,69.55,10.549999999999997,97.36999999999999,1,0
72287493134,54.6,59.0,24,47.4,24,1019.2,24,12.6,24,9.1,24,1.5,24,6.0,999.9,68.0, ,48.9, ,0.0,G,999.9,0,11,5,Fall,19.1,58.45,11.050000000000004,87.67500000000001,1,1
72287493134,54.6,55.0,24,39.4,24,1019.0,24,12.4,24,7.3,24,0.4,24,4.1,999.9,73.9, ,45.0, ,0.0,G,999.9,0,12,0,Winter,28.900000000000006,59.45,20.050000000000004,23.78,1,1
72287493134,54.6,58.2,24,46.0,24,1019.2,23,12.6,24,5.3,24,0.5,24,2.9,999.9,71.1, ,50.0, ,0.0,G,999.9,0,12,2,Winter,21.099999999999994,60.55,14.549999999999997,30.275,1,1
72287493134,54.6,63.6,24,53.8,24,1014.5,23,8.1,24,10.0,24,1.9,23,7.0,999.9,72.0, ,61.0, ,0.0,G,999.9,0,5,6,Spring,11.0,66.5,12.700000000000003,126.35,1,0
72287493134,54.6,63.6,24,52.6,24,1015.9,24,9.4,24,10.0,24,1.8,23,6.0,999.9,75.0, ,60.1, ,0.0,G,999.9,0,5,4,Spring,14.899999999999999,67.55,14.949999999999996,121.59,0,0
72287493134,54.6,61.5,23,53.5,23,1015.4,15,8.6,23,8.4,23,1.5,21,7.0,999.9,71.1, ,57.9, ,0.09,G,999.9,10000,11,2,Fall,13.199999999999996,64.5,11.0,96.75,0,0
72287493134,54.6,74.7,24,61.0,24,1016.1,24,9.8,24,9.5,24,0.9,23,5.1,999.9,90.0, ,66.0, ,0.0,G,999.9,0,8,1,Summer,24.0,78.0,17.0,70.2,0,0
72287493134,54.6,62.5,24,55.7,24,1013.8,23,7.3,24,7.6,24,1.6,23,6.0,999.9,73.0, ,57.9, ,0.0,G,999.9,0,5,2,Spring,15.100000000000001,65.45,9.75,104.72000000000001,1,1
72287493134,54.6,85.4,24,50.4,24,1009.9,24,3.7,24,10.0,24,1.3,24,5.1,999.9,100.9, ,66.0, ,0.0,G,999.9,0,6,0,Summer,34.900000000000006,83.45,33.050000000000004,108.48500000000001,1,1
72287493134,54.6,55.2,24,37.6,24,1010.5,24,3.9,24,10.0,24,1.5,24,8.0,14.0,64.9, ,46.9, ,0.0,G,999.9,0,3,2,Spring,18.000000000000007,55.900000000000006,18.300000000000004,83.85000000000001,0,0
72287493134,54.6,68.8,24,58.5,24,1014.6,19,8.3,23,5.7,24,1.3,23,7.0,999.9,84.9, ,64.0, ,0.0,G,999.9,0,4,2,Spring,20.900000000000006,74.45,15.950000000000003,96.78500000000001,1,1
72287493134,54.6,67.1,24,58.2,24,1009.5,21,3.0,24,9.4,24,2.2,21,7.0,999.9,81.0, ,64.0, ,0.0,G,999.9,0,6,4,Summer,17.0,72.5,14.299999999999997,159.5,0,0
72287493134,54.6,57.6,24,55.5,24,1019.7,11,13.1,24,5.4,24,4.2,24,8.0,15.0,60.1, ,55.9, ,1.08,G,999.9,10000,2,1,Winter,4.200000000000003,58.0,2.5,243.60000000000002,0,0
72287493134,54.6,67.2,24,54.3,24,1012.4,23,5.9,24,8.9,24,1.2,24,5.1,999.9,79.0, ,60.1, ,0.0,G,999.9,0,5,1,Spring,18.9,69.55,15.25,83.46,1,1
72287493134,54.6,72.2,24,61.3,24,1007.8,24,1.4,24,9.1,24,1.8,24,6.0,999.9,84.0, ,63.0, ,0.0,G,999.9,0,6,2,Summer,21.0,73.5,12.200000000000003,132.3,1,1
72287493134,54.6,74.1,24,58.6,24,1009.0,24,2.6,24,10.0,24,0.7,23,5.1,999.9,87.1, ,64.9, ,0.0,G,999.9,0,8,1,Summer,22.19999999999999,76.0,17.4,53.199999999999996,0,0
72287493134,54.6,72.3,24,61.2,24,1005.3,22,998.9,24,8.8,24,1.0,23,5.1,999.9,81.0, ,64.9, ,0.0,G,999.9,0,6,0,Summer,16.099999999999994,72.95,11.75,72.95,1,1
72287493134,54.6,58.2,24,44.3,24,1020.4,24,13.4,5,10.0,24,1.5,24,6.0,999.9,71.1, ,46.0, ,0.0,G,999.9,0,4,5,Spring,25.099999999999994,58.55,14.25,87.82499999999999,0,0
72287493134,54.6,65.5,24,54.5,24,1012.0,23,5.5,24,10.0,24,1.5,24,6.0,999.9,75.0, ,59.0, ,0.0,G,999.9,0,5,2,Spring,16.0,67.0,12.5,100.5,1,0
72287493134,54.6,68.8,24,54.0,24,1011.2,22,4.7,24,9.8,24,2.1,23,7.0,999.9,80.1, ,59.0, ,0.0,G,999.9,0,5,4,Spring,21.099999999999994,69.55,15.549999999999997,146.055,1,1
72287493134,54.6,60.9,24,43.6,24,1020.3,24,13.7,24,9.4,24,0.6,24,4.1,999.9,75.9, ,50.0, ,0.0,G,999.9,0,1,4,Winter,25.900000000000006,62.95,19.35,37.77,1,1
72287493134,54.6,61.3,24,52.6,24,1018.7,23,12.1,24,9.6,24,1.8,24,6.0,999.9,71.1, ,57.0, ,0.0,G,999.9,10000,3,1,Spring,14.099999999999994,64.05,11.449999999999996,115.28999999999999,0,0
72287493134,54.6,73.7,24,57.2,24,1010.8,24,4.3,24,10.0,24,0.8,24,4.1,999.9,89.1, ,60.1, ,0.0,G,999.9,0,6,1,Summer,28.999999999999993,74.6,17.39999999999999,59.68,0,0
72287493134,54.6,56.7,24,49.1,24,1020.2,20,13.5,24,7.8,24,1.0,24,8.0,999.9,68.0, ,45.0, ,0.0,G,999.9,10000,1,2,Winter,23.0,56.5,7.399999999999999,56.5,0,1
72287493134,54.6,56.0,24,40.2,24,1018.0,24,11.3,24,7.6,24,0.2,24,2.9,999.9,71.1, ,45.0, ,0.0,G,999.9,0,1,2,Winter,26.099999999999994,58.05,17.849999999999994,11.61,1,1
72287493134,54.6,69.1,24,58.2,24,1010.3,24,3.9,24,8.7,24,1.7,23,5.1,999.9,79.0, ,63.0, ,0.0,G,999.9,0,8,0,Summer,16.0,71.0,12.799999999999997,120.7,1,1
72287493134,54.6,72.2,24,60.6,24,1015.3,24,8.9,24,10.0,24,1.9,24,7.0,999.9,82.0, ,64.0, ,0.0,G,999.9,0,7,1,Summer,18.0,73.0,12.399999999999999,138.7,0,0
72287493134,54.6,74.1,24,60.6,24,1015.2,24,8.8,24,10.0,24,1.2,24,6.0,999.9,86.0, ,66.0, ,0.0,G,999.9,0,9,6,Fall,20.0,76.0,15.399999999999999,91.2,0,0
72287493134,54.6,78.4,24,29.4,24,1010.8,24,4.5,24,10.0,24,2.1,23,5.1,999.9,95.0, ,61.0, ,0.0,G,999.9,0,10,4,Fall,34.0,78.0,48.6,163.8,0,0
72287493134,54.6,69.6,24,56.4,24,1012.3,22,5.9,24,10.0,24,2.1,24,6.0,999.9,80.1, ,61.0, ,0.0,G,999.9,0,6,0,Summer,19.099999999999994,70.55,14.149999999999999,148.155,0,0
72287493134,54.6,70.4,24,61.8,24,1013.5,22,7.2,24,9.0,24,1.4,22,6.0,999.9,79.0, ,63.0, ,0.0,G,999.9,0,8,4,Summer,16.0,71.0,9.200000000000003,99.39999999999999,0,0
72287493134,54.6,69.5,24,60.0,24,1006.6,19,0.2,24,7.8,24,1.1,23,7.0,999.9,84.9, ,60.1, ,0.0,G,999.9,0,8,5,Summer,24.800000000000004,72.5,12.5,79.75,1,1
72287493134,54.6,65.1,24,55.9,24,1011.1,22,4.6,24,9.1,24,1.5,23,6.0,999.9,75.0, ,57.9, ,0.0,G,999.9,0,6,1,Summer,17.1,66.45,10.550000000000004,99.67500000000001,1,1
72287493134,54.6,65.6,24,54.9,24,1013.2,20,6.7,24,9.9,24,1.1,24,6.0,999.9,73.9, ,61.0, ,0.0,G,999.9,0,5,0,Spring,12.900000000000006,67.45,12.550000000000004,74.19500000000001,1,0
72287493134,54.6,59.3,24,48.1,24,1013.5,22,6.9,24,9.0,24,1.3,24,6.0,999.9,70.0, ,48.9, ,0.0,G,999.9,0,1,3,Winter,21.1,59.45,11.350000000000001,77.28500000000001,1,1
72287493134,54.6,65.2,24,55.3,24,1016.1,21,9.4,24,10.0,24,1.8,23,5.1,999.9,73.0, ,62.1, ,0.0,G,999.9,0,6,0,Summer,10.899999999999999,67.55,12.25,121.59,0,0
72287493134,54.6,64.2,24,56.3,24,1013.7,23,7.1,24,9.5,24,1.2,24,6.0,999.9,69.1, ,60.1, ,0.0,G,999.9,0,6,5,Summer,8.999999999999993,64.6,8.299999999999997,77.52,0,0
72287493134,54.6,72.7,24,58.2,24,1007.2,24,0.9,24,9.3,24,0.9,24,5.1,999.9,91.0, ,62.1, ,0.0,G,999.9,0,8,4,Summer,28.9,76.55,18.349999999999994,68.895,1,1
72287493134,54.6,70.2,24,46.3,24,1013.9,24,7.5,24,10.0,24,1.7,24,8.0,999.9,87.1, ,59.0, ,0.0,G,999.9,0,5,0,Spring,28.099999999999994,73.05,26.75,124.18499999999999,1,0
72287493134,54.6,62.2,24,54.7,24,1015.3,18,8.9,24,5.7,24,1.6,24,5.1,999.9,73.0, ,57.0, ,0.0,G,999.9,0,3,5,Spring,16.0,65.0,10.299999999999997,104.0,1,1
72287493134,54.6,63.5,24,54.2,24,1011.9,24,5.4,24,9.1,24,0.3,21,2.9,999.9,72.0, ,57.9, ,0.0,G,999.9,0,5,3,Spring,14.100000000000001,64.95,10.75,19.485,1,1
72287493134,54.6,67.3,24,46.6,24,1017.6,24,11.3,22,9.8,24,2.3,24,6.0,999.9,88.0, ,61.0, ,0.0,G,999.9,0,2,5,Winter,27.0,74.5,27.9,171.35,0,0
72287493134,54.6,60.8,24,49.9,24,1010.8,18,4.1,24,9.9,24,1.7,24,6.0,999.9,69.1, ,55.9, ,0.0,G,999.9,0,4,5,Spring,13.199999999999996,62.5,12.600000000000001,106.25,0,0
72287493134,54.6,50.4,24,29.1,24,1015.3,24,8.6,24,10.0,24,1.3,24,4.1,999.9,61.0, ,43.0, ,0.14,G,999.9,0,12,6,Winter,18.0,52.0,22.9,67.60000000000001,0,0
72287493134,54.6,72.0,24,63.4,24,1014.8,23,8.3,24,10.0,24,1.4,22,8.0,999.9,82.9, ,68.0, ,0.0,G,999.9,0,8,4,Summer,14.900000000000006,75.45,12.050000000000004,105.63,0,0
72287493134,54.6,64.8,24,56.3,24,1011.4,22,4.9,24,7.5,24,1.1,24,4.1,999.9,82.0, ,59.0, ,0.0,G,999.9,0,5,2,Spring,23.0,70.5,14.200000000000003,77.55000000000001,1,1
72287493134,54.6,72.7,24,60.3,24,1013.0,24,6.5,24,10.0,24,1.5,24,6.0,999.9,84.0, ,66.0, ,0.0,G,999.9,0,8,4,Summer,18.0,75.0,14.700000000000003,112.5,0,0
72287493134,54.6,63.6,23,53.0,23,1013.2,20,6.7,23,9.6,23,0.6,21,2.9,999.9,70.0, ,59.0, ,0.0,G,999.9,0,5,1,Spring,11.0,64.5,11.5,38.699999999999996,0,0
72287493134,54.6,67.4,24,55.9,24,1012.5,23,6.1,24,10.0,24,1.7,24,7.0,999.9,81.0, ,61.0, ,0.0,G,999.9,0,7,6,Summer,20.0,71.0,15.100000000000001,120.7,0,0
72287493134,54.6,62.4,24,47.0,24,1015.3,24,8.7,24,10.0,24,0.6,24,5.1,999.9,75.9, ,48.9, ,0.0,G,999.9,0,11,2,Fall,27.000000000000007,62.400000000000006,15.400000000000006,37.440000000000005,1,0
72287493134,54.6,70.3,24,59.9,24,1013.2,24,6.8,24,9.5,24,1.2,24,4.1,999.9,82.9, ,61.0, ,0.0,G,999.9,0,8,2,Summer,21.900000000000006,71.95,12.050000000000004,86.34,1,0
72287493134,54.6,72.2,24,64.4,24,1013.3,22,6.9,24,8.8,24,1.3,24,6.0,999.9,84.0, ,66.9, ,0.0,G,999.9,0,8,0,Summer,17.099999999999994,75.45,11.049999999999997,98.08500000000001,0,1
72287493134,54.6,70.7,24,60.7,24,1013.5,23,7.1,24,8.7,24,1.7,24,5.1,999.9,84.0, ,63.0, ,0.0,G,999.9,0,6,3,Summer,21.0,73.5,12.799999999999997,124.95,1,1
72287493134,54.6,48.9,24,40.3,24,1018.1,21,10.9,24,9.1,24,1.2,23,4.1,999.9,59.0, ,42.1, ,0.07,G,999.9,0,12,0,Winter,16.9,50.55,10.25,60.66,1,0
72287493134,54.6,63.8,24,55.8,24,1015.6,23,9.1,24,8.4,24,2.1,24,8.0,999.9,75.0, ,57.9, ,0.0,G,999.9,0,5,3,Spring,17.1,66.45,10.650000000000006,139.54500000000002,1,1
72287493134,54.6,79.0,24,61.4,24,1010.0,24,3.7,24,9.3,24,0.7,23,5.1,999.9,95.0, ,68.0, ,0.0,G,999.9,0,8,1,Summer,27.0,81.5,20.1,57.05,1,1
72287493134,54.6,63.1,24,53.3,24,1014.6,24,8.1,24,8.8,24,1.2,23,6.0,999.9,75.0, ,55.0, ,0.0,G,999.9,0,5,4,Spring,20.0,65.0,11.700000000000003,78.0,1,1
72287493134,54.6,59.5,24,47.9,24,1017.8,24,11.3,24,10.0,24,1.2,22,4.1,999.9,71.1, ,52.0, ,0.0,G,999.9,0,3,6,Spring,19.099999999999994,61.55,13.649999999999999,73.86,0,0
72287493134,54.6,56.3,18,48.0,18,1017.3,7,8.1,18,8.7,18,1.7,16,7.0,14.0,66.0, ,51.1, ,1.66,G,999.9,10000,11,2,Fall,14.899999999999999,58.55,10.549999999999997,99.535,0,0
72287493134,54.6,70.8,24,60.1,24,1011.8,24,5.4,24,9.6,24,1.3,24,6.0,999.9,84.0, ,63.0, ,0.0,G,999.9,0,8,0,Summer,21.0,73.5,13.399999999999999,95.55,1,1
72287493134,54.6,71.4,24,57.5,24,1013.7,23,7.3,24,6.3,24,1.3,24,7.0,999.9,80.1,*,59.0,*,0.0,G,999.9,0,4,0,Spring,21.099999999999994,69.55,12.049999999999997,90.415,1,1
72287493134,54.6,69.2,24,60.7,24,1008.9,22,2.5,24,8.4,24,1.5,23,6.0,999.9,81.0, ,63.0, ,0.0,G,999.9,0,6,3,Summer,18.0,72.0,11.299999999999997,108.0,1,1
72287493134,54.6,60.3,24,47.2,24,1015.5,24,8.9,24,9.9,24,1.4,24,4.1,999.9,69.1,*,53.1,*,0.02,G,999.9,0,10,1,Fall,15.999999999999993,61.099999999999994,13.899999999999991,85.53999999999999,0,0
72287493134,54.6,65.0,24,52.3,24,1009.1,24,2.6,24,9.6,24,1.6,24,6.0,999.9,73.9, ,57.0, ,0.0,G,999.9,0,5,1,Spring,16.900000000000006,65.45,13.150000000000006,104.72000000000001,0,0
72287493134,54.6,65.2,24,42.6,24,1017.1,24,10.5,24,10.0,24,1.0,24,5.1,999.9,77.0, ,52.0, ,0.0,G,999.9,0,10,2,Fall,25.0,64.5,21.9,64.5,1,0
72287493134,54.6,58.5,24,54.7,24,1021.0,22,14.4,24,4.2,24,1.0,24,4.1,999.9,66.0, ,51.1, ,0.0,G,999.9,0,12,5,Winter,14.899999999999999,58.55,3.8499999999999943,58.55,1,1
72287493134,54.6,57.0,24,44.4,24,1013.8,22,7.1,24,6.9,24,0.6,24,5.1,999.9,73.0, ,46.9, ,0.0,G,999.9,100000,2,6,Winter,26.1,59.95,15.550000000000004,35.97,1,1
72287493134,54.6,70.7,24,59.3,24,1012.0,23,5.6,24,9.9,24,0.7,23,4.1,999.9,78.1, ,64.0, ,0.0,G,999.9,0,9,4,Fall,14.099999999999994,71.05,11.75,49.73499999999999,0,0
72287493134,54.6,56.0,24,48.0,24,1016.1,17,9.3,24,7.1,24,2.3,24,8.0,999.9,64.0, ,46.9, ,0.01,G,999.9,10000,12,3,Winter,17.1,55.45,7.450000000000003,127.535,0,0
72287493134,54.6,59.8,24,31.5,24,1025.6,24,19.0,24,9.6,24,1.2,24,5.1,999.9,75.0, ,45.0, ,0.0,G,999.9,0,1,0,Winter,30.0,60.0,28.5,72.0,0,0
72287493134,54.6,77.1,24,49.1,24,1013.6,24,7.3,24,10.0,24,1.3,24,7.0,999.9,93.0, ,64.0, ,0.0,G,999.9,0,10,3,Fall,29.0,78.5,29.4,102.05,0,0
72287493134,54.6,72.2,24,60.6,24,1011.9,20,5.6,24,4.8,24,1.5,23,4.1,999.9,80.1,*,66.2,*,0.0,G,999.9,0,8,6,Summer,13.899999999999991,73.15,12.550000000000004,109.72500000000001,1,1
72287493134,54.6,72.4,24,58.2,24,1010.6,20,4.3,24,9.3,24,1.7,24,6.0,999.9,84.0, ,64.9, ,0.0,G,999.9,0,7,2,Summer,19.099999999999994,74.45,16.25,126.565,1,1
72287493134,54.6,62.5,24,29.4,24,1019.5,24,12.9,24,10.0,24,1.9,24,5.1,999.9,80.1, ,46.9, ,0.0,G,999.9,0,12,2,Winter,33.199999999999996,63.5,34.1,120.64999999999999,0,1
72287493134,54.6,56.0,24,42.8,24,1015.5,23,8.9,24,9.8,24,1.5,24,6.0,999.9,69.1, ,46.0, ,0.0,G,999.9,0,1,5,Winter,23.099999999999994,57.55,14.75,86.32499999999999,0,0
72287493134,54.6,61.1,24,53.0,24,1015.5,22,8.9,24,9.0,24,2.1,24,9.9,18.1,77.0, ,52.0, ,0.0,G,999.9,110000,3,4,Spring,25.0,64.5,11.5,135.45000000000002,0,0
72287493134,54.6,71.3,24,61.4,24,1013.4,24,7.0,24,10.0,24,2.0,24,6.0,999.9,82.0, ,64.9, ,0.0,G,999.9,0,8,2,Summer,17.099999999999994,73.45,12.050000000000004,146.9,0,0
72287493134,54.6,55.7,24,46.2,24,1016.8,24,10.1,24,7.0,24,0.9,24,5.1,999.9,66.9,*,48.0,*,0.0,G,999.9,0,2,3,Winter,18.900000000000006,57.45,11.25,51.705000000000005,1,1
72287493134,54.6,76.0,24,52.4,24,1014.7,24,8.3,24,10.0,24,1.0,24,5.1,999.9,93.0, ,60.1, ,0.0,G,999.9,0,10,2,Fall,32.9,76.55,24.15,76.55,0,0
72287493134,54.6,63.0,24,58.5,24,1017.2,18,11.0,24,5.2,24,1.0,24,5.1,999.9,75.0, ,57.9, ,0.03,G,999.9,100000,2,3,Winter,17.1,66.45,7.950000000000003,66.45,0,0
72287493134,54.6,68.2,24,40.0,24,1016.4,24,9.9,24,10.0,24,0.3,24,4.1,999.9,88.0, ,50.0, ,0.0,G,999.9,0,11,1,Fall,38.0,69.0,29.0,20.7,1,1
72287493134,54.6,57.7,24,44.1,24,1012.1,20,5.6,24,9.5,24,0.4,24,4.1,999.9,75.0, ,48.9, ,0.0,G,999.9,0,12,1,Winter,26.1,61.95,17.85,24.78,1,1
72287493134,54.6,57.7,24,51.4,24,1014.6,17,8.3,24,7.7,24,2.9,24,8.9,15.9,64.0, ,46.0, ,0.16,G,999.9,10000,12,6,Winter,18.0,55.0,3.6000000000000014,159.5,0,0
72287493134,54.6,57.8,24,45.8,24,1014.5,21,8.0,24,9.9,24,1.1,21,6.0,999.9,63.0,*,54.0,*,0.0,G,999.9,0,3,4,Spring,9.0,58.5,12.700000000000003,64.35000000000001,0,0
72287493134,54.6,65.4,24,37.0,24,1020.9,24,14.3,24,9.9,24,1.7,23,5.1,999.9,77.0, ,53.1, ,0.0,G,999.9,0,1,1,Winter,23.9,65.05,28.049999999999997,110.585,0,0
72287493134,54.6,58.9,24,55.2,24,1010.4,13,3.7,24,6.9,24,4.6,24,14.0,21.0,66.9, ,57.0, ,0.04,G,999.9,10000,1,0,Winter,9.900000000000006,61.95,6.75,284.96999999999997,0,0
72287493134,54.6,65.4,24,44.7,24,1012.4,24,5.9,24,10.0,24,1.3,24,6.0,999.9,81.0, ,54.0, ,0.0,G,999.9,0,3,4,Spring,27.0,67.5,22.799999999999997,87.75,0,0
72287493134,54.6,65.6,24,53.2,24,1016.9,24,10.4,24,9.3,24,0.8,24,6.0,999.9,88.0, ,55.9, ,0.0,G,999.9,0,11,1,Fall,32.1,71.95,18.75,57.56,1,1
72287493134,54.6,75.4,24,37.4,24,1016.2,24,9.8,24,10.0,24,1.1,24,5.1,999.9,93.0, ,57.9, ,0.0,G,999.9,0,11,2,Fall,35.1,75.45,38.050000000000004,82.995,1,0
72287493134,54.6,61.5,24,51.8,24,1011.2,23,4.7,24,9.8,24,1.2,21,5.1,999.9,68.0, ,57.0, ,0.05,G,999.9,10000,5,4,Spring,11.0,62.5,10.700000000000003,75.0,0,0
72287493134,54.6,69.7,24,60.8,24,1014.1,21,7.7,24,7.8,24,0.9,24,4.1,999.9,81.0, ,64.0, ,0.0,G,999.9,0,10,0,Fall,17.0,72.5,11.700000000000003,65.25,1,1
72287493134,54.6,74.5,24,62.8,24,1011.4,24,5.1,24,9.2,24,1.3,23,6.0,999.9,86.0, ,68.0, ,0.0,G,999.9,0,7,0,Summer,18.0,77.0,14.200000000000003,100.10000000000001,1,1
72287493134,54.6,64.7,24,33.7,24,1018.3,24,11.7,24,9.6,24,0.9,24,4.1,999.9,82.9, ,46.9, ,0.0,G,999.9,0,12,4,Winter,36.00000000000001,64.9,31.200000000000003,58.410000000000004,1,1
72287493134,54.6,56.2,24,53.1,24,1014.6,11,7.8,24,7.0,24,2.3,24,6.0,999.9,66.0, ,53.1, ,0.59,G,999.9,10000,1,3,Winter,12.899999999999999,59.55,6.449999999999996,136.96499999999997,0,0
72287493134,54.6,53.8,24,17.3,24,1021.2,24,14.5,24,10.0,24,1.3,23,7.0,999.9,64.0, ,42.1, ,0.0,G,999.9,0,2,2,Winter,21.9,53.05,35.75,68.965,0,0
72287493134,54.6,48.2,24,28.4,24,1011.7,24,5.0,24,10.0,24,1.0,23,4.1,999.9,57.9, ,39.9, ,0.29,G,999.9,0,1,1,Winter,18.0,48.9,20.5,48.9,0,0
72287493134,54.6,55.3,24,53.7,24,1012.1,11,5.6,24,2.8,24,6.3,24,11.1,18.1,60.1, ,52.0, ,5.32,G,999.9,10000,2,0,Winter,8.100000000000001,56.05,2.3499999999999943,353.11499999999995,0,0
72287493134,54.6,59.6,24,24.8,24,1020.1,24,13.4,24,10.0,24,2.7,23,7.0,999.9,73.0, ,48.0, ,0.0,G,999.9,0,3,0,Spring,25.0,60.5,35.7,163.35000000000002,0,0
72287493134,54.6,71.3,24,55.1,24,1015.3,24,8.9,24,10.0,24,0.8,24,5.1,999.9,88.0, ,60.1, ,0.0,G,999.9,0,10,0,Fall,27.9,74.05,18.949999999999996,59.24,0,0
72287493134,54.6,58.1,24,42.7,24,1018.3,24,11.6,24,9.1,24,0.8,24,4.1,999.9,77.0, ,48.0, ,0.0,G,999.9,0,2,2,Winter,29.0,62.5,19.799999999999997,50.0,1,1
72287493134,54.6,62.4,24,52.5,24,1013.7,22,7.2,24,9.9,24,1.0,23,7.0,999.9,71.1, ,57.0, ,0.0,G,999.9,0,5,1,Spring,14.099999999999994,64.05,11.549999999999997,64.05,0,0
72287493134,54.6,75.0,24,63.8,24,1012.5,24,6.1,24,9.5,24,1.5,24,7.0,999.9,86.0, ,69.1, ,0.0,G,999.9,0,7,1,Summer,16.900000000000006,77.55,13.75,116.32499999999999,1,1
72287493134,54.6,69.8,24,46.0,24,1016.5,24,10.0,24,10.0,24,0.7,24,6.0,999.9,88.0, ,52.0, ,0.0,G,999.9,0,10,3,Fall,36.0,70.0,24.0,49.0,1,0
72287493134,54.6,73.9,24,46.5,24,1009.0,24,2.6,24,9.9,24,1.3,24,4.1,15.0,95.0, ,64.0, ,0.0,G,999.9,0,4,5,Spring,31.0,79.5,33.0,103.35000000000001,0,1
72287493134,54.6,91.0,24,58.6,24,1009.2,24,3.0,24,7.4,24,0.9,24,7.0,999.9,111.0, ,69.1, ,0.0,G,999.9,0,9,6,Fall,41.900000000000006,90.05,31.449999999999996,81.045,1,1
72287493134,54.6,70.0,24,61.9,24,1011.8,22,5.4,24,9.9,24,0.9,24,5.1,999.9,79.0, ,64.9, ,0.0,G,999.9,0,9,1,Fall,14.099999999999994,71.95,10.050000000000004,64.75500000000001,0,0
72287493134,54.6,52.0,24,39.1,24,1008.6,19,2.0,24,9.6,24,2.8,24,8.9,26.0,60.1, ,43.0, ,0.36,G,999.9,10000,1,0,Winter,17.1,51.55,12.449999999999996,144.33999999999997,0,0
72287493134,54.6,59.8,24,55.3,24,1019.1,17,12.5,24,5.6,24,0.8,24,7.0,999.9,66.0, ,55.0, ,0.22,G,999.9,0,2,5,Winter,11.0,60.5,5.200000000000003,48.400000000000006,0,0
72287493134,54.6,71.3,24,62.2,24,1009.9,21,3.6,24,10.0,24,1.6,23,6.0,999.9,82.9, ,64.9, ,0.0,G,999.9,0,8,6,Summer,18.0,73.9,11.700000000000003,118.24000000000001,0,0
72287493134,54.6,63.8,24,53.5,24,1015.0,24,8.5,24,9.8,24,0.3,23,2.9,999.9,73.9, ,54.0, ,0.0,G,999.9,0,10,5,Fall,19.900000000000006,63.95,10.450000000000003,19.185,0,0
72287493134,54.6,62.4,24,51.0,24,1016.2,23,9.6,24,9.3,24,2.9,24,8.0,17.1,72.0, ,55.9, ,0.08,G,999.9,10000,4,5,Spring,16.1,63.95,12.950000000000003,185.455,0,0
72287493134,54.6,60.2,24,39.1,24,1017.8,24,11.2,24,10.0,24,0.9,21,4.1,999.9,73.9, ,50.0, ,0.0,G,999.9,0,2,2,Winter,23.900000000000006,61.95,22.85,55.755,0,0
72287493134,54.6,65.2,24,53.2,24,1012.3,22,5.8,24,10.0,24,1.2,23,6.0,999.9,75.0, ,57.9, ,0.0,G,999.9,0,5,3,Spring,17.1,66.45,13.25,79.74,0,0
72287493134,54.6,56.0,24,45.1,24,1014.4,23,7.8,24,9.5,24,0.4,24,4.1,999.9,71.1, ,44.1, ,0.0,G,999.9,0,12,0,Winter,26.999999999999993,57.599999999999994,12.499999999999993,23.04,1,1
72287493134,54.6,72.3,24,61.7,24,1010.4,24,4.0,24,9.4,24,1.8,24,6.0,999.9,89.1, ,64.0, ,0.0,G,999.9,0,9,3,Fall,25.099999999999994,76.55,14.849999999999994,137.79,1,1
72287493134,54.6,65.1,24,51.5,24,1016.2,22,9.6,24,10.0,24,2.3,24,6.0,999.9,75.0, ,59.0, ,0.0,G,999.9,0,6,4,Summer,16.0,67.0,15.5,154.1,0,0
72287493134,54.6,55.7,24,35.2,24,1025.0,24,18.3,24,10.0,24,0.8,24,6.0,999.9,73.0, ,42.1, ,0.0,G,999.9,0,1,2,Winter,30.9,57.55,22.349999999999994,46.04,0,0
72287493134,54.6,76.7,23,52.7,23,1014.5,23,8.1,23,7.0,23,2.6,23,6.0,999.9,91.9, ,57.9, ,0.0,G,999.9,0,4,3,Spring,34.00000000000001,74.9,22.200000000000003,194.74,1,1
72287493134,54.6,60.7,24,42.2,24,1013.8,24,7.3,24,10.0,24,3.1,23,8.0,20.0,70.0, ,54.0, ,0.0,G,999.9,0,4,1,Spring,16.0,62.0,19.799999999999997,192.20000000000002,0,0
72287493134,54.6,51.3,24,22.2,24,1023.2,24,16.5,24,10.0,24,0.5,24,5.1,999.9,64.9, ,39.9, ,0.0,G,999.9,0,12,4,Winter,25.000000000000007,52.400000000000006,30.200000000000006,26.200000000000003,1,1
72287493134,54.6,75.3,24,48.5,24,1012.3,24,5.9,24,6.9,24,0.8,23,5.1,999.9,93.0, ,63.0, ,0.0,G,999.9,0,9,3,Fall,30.0,78.0,29.5,62.400000000000006,1,1
72287493134,54.6,61.5,24,48.9,24,1011.6,18,5.2,24,10.0,24,1.4,24,6.0,999.9,70.0, ,57.0, ,0.0,G,999.9,0,4,6,Spring,13.0,63.5,14.600000000000001,88.89999999999999,0,0
72287493134,54.6,58.1,24,52.4,24,1012.8,21,6.4,24,7.9,24,0.8,24,4.1,999.9,68.0, ,55.0, ,0.0,G,999.9,0,4,2,Spring,13.0,61.5,9.100000000000001,49.2,0,1
72287493134,54.6,67.8,24,59.6,24,1010.8,21,4.4,24,7.4,24,1.9,24,7.0,999.9,77.0, ,63.0, ,0.0,G,999.9,0,7,5,Summer,14.0,70.0,10.399999999999999,133.0,1,1
72287493134,54.6,58.4,24,48.0,24,1018.3,19,11.6,24,9.8,24,0.5,24,4.1,999.9,66.9, ,48.9, ,0.0,G,999.9,0,2,3,Winter,18.000000000000007,57.900000000000006,9.900000000000006,28.950000000000003,1,0
72287493134,54.6,61.1,24,53.8,24,1015.5,18,8.8,24,8.4,24,3.9,24,11.1,20.0,66.9, ,55.9, ,0.25,G,999.9,10000,3,6,Spring,11.000000000000007,61.400000000000006,7.6000000000000085,239.46,0,0
72287493134,54.6,73.3,24,59.6,23,1011.5,24,5.2,24,7.0,24,1.5,24,7.0,999.9,89.1, ,64.9, ,0.0,G,999.9,0,8,2,Summer,24.19999999999999,77.0,17.4,115.5,0,1
72287493134,54.6,66.7,24,57.0,24,1013.5,24,6.9,24,8.8,24,1.6,21,8.0,15.0,82.0, ,60.1, ,0.0,G,999.9,0,5,1,Spring,21.9,71.05,14.049999999999997,113.68,1,1
72287493134,54.6,60.0,24,21.2,24,1020.9,24,14.3,24,10.0,24,0.6,24,2.9,999.9,75.9, ,46.9, ,0.0,G,999.9,0,11,4,Fall,29.000000000000007,61.400000000000006,40.2,36.84,1,0
72287493134,54.6,62.3,24,49.1,24,1017.0,24,10.4,24,10.0,24,1.2,23,7.0,999.9,75.0, ,52.0, ,0.0,G,999.9,0,3,0,Spring,23.0,63.5,14.399999999999999,76.2,0,0
72287493134,54.6,55.4,24,34.5,24,1014.5,23,7.9,24,10.0,24,1.5,24,6.0,999.9,64.0, ,44.1, ,0.0,G,999.9,0,1,3,Winter,19.9,54.05,19.549999999999997,81.07499999999999,0,0
